PubchemID,Cluster
445456,1
5961,1
1110,1
6288,1
4055,1
33741,1
2481,1
60753,1
439260,1
727,1
441314,1
1990,1
2247,1
18283,1
3325,1
2911,1
9933193,1
8612,1
4369359,1
213039,1
3637,1
445238,1
449193,1
19,1
5496796,1
1944,1
5280805,1
46936196,1
445025,1
65552,1
439155,1
96,1
448585,1
342,1
5287612,1
154575,1
114683,1
6329,1
445561,1
5288437,1
6228,1
5288259,1
443200,1
65562,1
441298,1
446795,1
16842,1
444913,1
656969,1
444612,1
11987780,1
17754162,1
449223,1
4357,1
448475,1
1633,1
447340,1
6175,1
1188,1
447234,1
445155,1
223368,1
5288238,1
445328,1
24417,1
132519,1
5288123,1
100714,1
5288139,1
6323208,1
131704200,1
5288499,1
446201,1
447369,1
446994,1
978,1
81831,1
449125,1
122336,1
155448,1
6338574,1
10976469,1
131675359,1
447253,1
444182,1
5288001,1
448400,1
439162,1
644358,1
152306,1
17753903,1
447077,1
160603,1
5287417,1
101059193,1
84682,1
221493,1
445308,1
445528,1
447084,1
151483,1
10972,1
130611,1
61207,1
8955,1
1677,1
447923,1
447196,1
446491,1
447561,1
4635111,1
446414,1
10635,1
10214,1
784625,1
447229,1
1715,1
440317,1
3710,1
446102,1
5289442,1
448013,1
447955,1
444215,1
8758,1
21439,1
100016,1
449144,1
5289215,1
408285,1
444765,1
5289376,1
446998,1
1137,1
446796,1
643975,1
92199,1
11852,1
131704231,1
3713,1
11979,1
447271,1
656966,1
447569,1
7167925,1
42627031,1
4369101,1
6409,1
70,1
5280832,1
448749,1
6857384,1
449201,1
4369172,1
439186,1
17753999,1
446920,1
5462442,1
657043,1
447750,1
9305,1
448235,1
439456,1
97725,1
448267,1
1584,1
70807,1
445579,1
444053,1
39981,1
1135,1
1396,1
1543,1
13373305,1
17085,1
657038,1
444818,1
4316,1
2354,1
445940,1
448894,1
445302,1
5289415,1
97538,1
1758,1
49867291,1
347590,1
148140,1
121966,1
446122,1
5289593,1
10430,1
6503,1
9834298,1
445537,1
985,1
165196,1
6950298,1
4288,1
131704260,1
439351,1
997,1
5287706,1
1176,1
445303,1
447966,1
85466,1
644111,1
126747,1
449167,1
446300,1
5288799,1
439190,1
657140,1
637542,1
121904,1
111509,1
44308490,1
6454902,1
439553,1
446916,1
119205,1
446665,1
5280343,1
5289611,1
135,1
36,1
2230,1
193305,1
3092847,1
980,1
17754108,1
449146,1
222285,1
445888,1
448022,1
126154,1
58,1
447236,1
2196,1
5327131,1
119373,1
121892,1
164509,1
443894,1
133090,1
6603746,1
25023707,1
17414308,1
6914614,1
3547,1
9547945,1
656902,1
448968,1
15942662,1
20846113,1
5004,1
16004692,1
31553,1
131704323,1
4031,1
2466,1
175,1
581,1
1125,1
1301,1
1798,1
3367,1
3449,1
5672,1
5721,1
16533,1
93860,1
96312,1
152945,1
160051,1
219084,1
5251896,1
5479141,1
6918313,1
25077993,1
44201343,1
242,1
4688,1
11953947,1
46936260,1
444571,1
147071,1
98792,1
5280353,1
444833,1
12085802,1
131704190,1
5287971,1
5288538,1
131704203,1
444725,1
6437378,1
3000226,1
131704219,1
11968291,1
49866597,1
5791881,1
171,1
8339,1
5289457,1
131704247,1
46936694,1
448477,1
439220,1
9600404,1
131704249,1
445462,1
22556917,1
448653,1
242831,1
6323235,1
2733514,1
5287714,1
4380,1
439450,1
46936871,1
79084,1
9600423,1
54688679,1
6830,1
5289289,1
445072,1
5311325,1
448971,1
444899,1
10972974,1
5327013,1
5327012,1
2468,1
33776,1
25058133,1
5857,1
3369,2
6057,2
750,2
1130,2
134601,2
6267,2
3476,2
38521,2
4463,2
1775,2
5656,2
4659569,2
4201,2
6337614,2
31072,2
4497,2
2576,2
4926,2
60750,2
8730,2
37632,2
54675779,2
441401,2
5291,2
3372,2
5320,2
60961,2
5577,2
37720,2
5070,2
1349907,2
5281071,2
3955,2
2794,2
7697,2
5852,2
151171,2
13769,2
5734,2
9444,2
38904,2
3410,2
77991,2
156419,2
5029,2
60937,2
3151,2
3821,2
4168,2
208908,2
888,2
9565,2
68873,2
5487427,2
68723,2
33887,2
2206,2
1615,2
31721,2
62156,2
98527,2
222865,2
71371,2
446611,2
444425,2
4939,2
440271,2
445032,2
8172,2
445227,2
448993,2
8988,2
447096,2
17754166,2
5288658,2
54369,2
5353370,2
5362422,2
46936829,2
5288464,2
11840920,2
638035,2
9942725,2
134019,2
151174,2
4992,2
1993,2
121396,2
10133,2
16130957,2
24199,2
448677,2
446967,2
25271580,2
6540261,2
445858,2
46937094,2
11987556,2
446977,2
5289053,2
1360,2
5189,2
4369485,2
644013,2
3781,2
3604,2
40704,2
9913,2
179344,2
24856436,2
134664,2
10230,2
30951,2
2541,2
298,2
1805,2
2094,2
2274,2
2307,2
2443,2
2520,2
2522,2
2786,2
2978,2
3000,2
3008,2
3043,2
3056,2
3060,2
3222,2
3368,2
3370,2
3382,2
3384,2
3388,2
3425,2
3461,2
3519,2
3636,2
3640,2
3954,2
4036,2
4042,2
4043,2
4140,2
4159,2
4428,2
4509,2
4536,2
4635,2
4885,2
4889,2
4894,2
4895,2
4896,2
4900,2
5257,2
5407,2
5408,2
5409,2
5466,2
5525,2
5636,2
5771,2
5877,2
6238,2
10547,2
12460,2
16230,2
18140,2
20585,2
20969,2
24642,2
32603,2
37392,2
40973,2
41774,2
42615,2
51577,2
54158,2
62819,2
62956,2
73658,2
105145,2
123611,2
123623,2
145068,2
206527,2
219090,2
358641,2
444006,2
4474778,2
4517618,2
2645,2
2735,2
3641,2
5772,2
5282226,2
44424639,2
6604200,2
5359476,2
9870843,2
13505,2
54385,2
6323289,2
63306,2
5287844,2
445638,2
9825434,2
6918537,2
6505803,2
11243969,2
46705423,2
62930,2
46882177,2
24771758,2
71768094,2
1548942,2
22024915,2
5288674,2
167159,2
5744,2
636398,2
446274,3
6274,3
5578,3
2088,3
4211,3
41693,3
2381,3
148192,3
123619,3
128882,3
131704187,3
154044,3
11914,3
447199,3
2605,3
9543424,3
444837,3
188350,3
439326,3
657141,3
162569,3
156126,3
446394,3
466960,3
440996,3
5287870,3
446586,3
447014,3
68368,3
451597,3
159324,3
46937046,3
46937057,3
25058136,3
263366,3
1548970,3
11677589,3
2021,3
3040,3
3364,3
3454,3
3872,3
4724,3
4736,3
5052,3
5106,3
63001,3
45266800,3
131704196,3
446514,3
5326934,3
5287648,3
9571004,3
57515973,3
447451,3
5565,4
102232,4
16129704,4
45267103,4
14257662,4
448601,4
71415,4
43672,4
2148,4
5215,4
6013,4
4030,4
4493,4
2099,4
5281004,4
3055,4
3011155,4
151166,4
5468,4
72271,4
441123,4
449555,4
70931,4
3260017,4
5289613,4
6327654,4
446325,4
448632,4
446386,4
449394,4
6131,4
17754209,4
439846,4
6858209,4
3016416,4
192706,4
40326,4
160355,4
131682,4
2366,4
3080,4
169870,4
46937043,4
1722,4
4369,4
131704310,4
220535,4
11556711,4
162955,4
443380,4
5160,4
85,4
143,4
1972,4
3063,4
3687,4
3902,4
5645,4
5731,4
8197,4
25959,4
42395,4
47640,4
60754,4
62305,4
65014,4
65840,4
71316,4
71348,4
123597,4
123620,4
6850789,4
11947681,4
16126651,4
16129616,4
16129617,4
16129632,4
16129665,4
16129672,4
16129682,4
16129701,4
16129703,4
16130199,4
16130295,4
16131310,4
16132265,4
16132283,4
16132344,4
16132418,4
16132438,4
16132441,4
16132446,4
16134956,4
16137271,4
16139342,4
16139605,4
16156130,4
16158207,4
17754772,4
24950485,4
25074886,4
44134877,4
44146714,4
44201342,4
44567678,4
5199,4
9860058,4
24970412,4
25102846,4
5281081,4
49852292,4
11953884,4
5289089,4
448457,4
10904076,4
54708743,4
79639,4
5288792,4
448408,4
444729,4
446165,4
4369524,4
54727985,4
6451164,4
54708735,4
7019255,4
281,4
446124,5
446662,5
446277,5
9955116,6
25074887,6
5770,6
20279,6
5284371,6
4543,6
2761,6
10917,6
3393,6
3440,6
4873,6
3675,6
55466,6
3516,6
5078,6
3108,6
3749,6
17134,6
60921,6
688561,6
4999,6
3775,6
657131,6
448220,6
5496628,6
5880,6
644175,6
33042,6
222528,6
12057,6
394347,6
4369446,6
854026,6
213053,6
71364,6
6540289,6
6920596,6
10286462,6
1510981,6
131704314,6
44631912,6
5944,6
23951,6
2250,6
2781,6
2891,6
3171,6
3209,6
3250,6
3255,6
3746,6
3918,6
5039,6
5352,6
5514,6
54949,6
60183,6
72938,6
148127,6
3038497,6
5360237,6
5362420,6
11519069,6
16129690,6
44564722,6
56842239,6
28696,6
48175,6
5447130,6
6916249,6
3001055,6
8646,6
5326682,6
49866839,6
175496,6
657041,6
6912404,6
6918523,6
5281034,6
5359405,6
4197,7
71398,7
6436135,7
3157,7
157920,7
3305,7
2893,7
11291932,7
5388906,7
4578,7
2022,7
2791,7
2909,7
3375,7
3379,7
3381,7
3392,7
4271,7
54786,7
6433119,7
21630,7
34058,7
16231,7
6335412,7
3355,8
54746,8
2160,8
2713,8
16362,8
9543429,8
446824,8
448662,8
13017,8
8642,8
445309,8
14123494,8
4369475,8
25011732,8
446532,8
54929,8
68802,8
130313,8
3685,8
449137,9
3324,9
439407,9
449178,9
128878,9
447049,9
42627264,9
5297,9
54695768,10
5289507,10
23690938,10
439811,11
17753777,11
6102824,11
36735,12
4633,12
446504,12
9403,12
3263,12
5404,12
130565,12
16045418,12
8759,12
46937026,13
54477,13
2484,13
1649,13
78057,13
5496627,13
72792,13
2761494,13
165151,13
131704233,13
445969,13
444581,13
447559,13
445018,13
9854012,13
2132,13
165323,13
46937108,13
46937109,13
4259,13
71362,13
131704185,14
119607,14
2372,14
7339,14
5287540,14
4469994,14
2681,14
448372,14
8629,14
447536,14
447256,14
5287515,14
657144,14
447048,14
7464,14
5459918,14
11113761,14
123912,14
449218,14
448873,14
449633,14
5287494,14
448087,14
17754157,14
447261,14
444672,14
446858,14
5288987,14
65077,14
7389,14
312183,14
5281,14
151437,14
5288719,14
448575,14
657098,14
447202,14
445533,14
657065,14
446783,14
5459861,14
131704252,14
127370,14
17754128,14
448294,14
2396,14
6992039,14
445999,14
449101,14
445736,14
4327,14
1331,14
447022,14
700,14
71070,14
448610,14
2353,14
5287936,14
5289531,14
444514,14
448025,14
447466,14
44462678,14
5497056,14
439750,14
11481186,14
445505,14
5681,14
445785,14
445307,14
17753799,14
5494414,14
5288103,14
5288476,14
3236,14
2562,14
191,14
3848,14
102258,14
222786,14
6477186,14
16158473,14
24838347,14
64139,14
10219702,15
6287,15
33624,15
24083,15
4934,15
5287990,15
46936702,15
5453,15
6857686,15
1150567,15
12773795,15
247304,15
1723,15
65157,15
9818306,15
222757,15
401,15
596,15
3256,15
3268,15
40703,15
54688,15
3055172,15
6540478,15
5462222,15
131704201,15
8582,15
131536,16
55480,16
123964,17
77993,17
4499,17
6024,17
31304,17
28864,17
2796,17
2161,17
3354,17
5284596,17
44093,17
2444,17
443884,17
49866981,17
9543528,17
444150,17
285033,17
644241,17
42615253,17
11500273,17
16122577,17
6914624,17
46937051,17
11957393,17
25011730,17
2352168,17
23653531,17
23729147,17
448729,17
17749735,17
16113377,17
16741227,17
5326866,17
46937141,17
25023881,17
2737071,17
23663870,17
89767,17
104747,17
443130,17
6918612,17
108144,17
26248,17
443955,17
114905,17
4450,17
4253,17
150310,17
10107393,17
5362065,17
11269429,17
5289321,18
3403,18
5280581,18
131704227,18
6323502,18
5288022,18
65457,18
20055510,18
3929,19
5284373,19
60846,19
2082,19
4914,19
2720,19
259331,19
444941,19
449362,19
446837,19
7405,19
131704237,19
447018,19
3455,19
448333,19
445534,19
379,19
46937028,19
1712,19
25113124,19
1082702,19
4300,19
6914568,19
9549223,19
446158,19
9547940,19
6102781,19
10134493,19
23644579,19
17748441,19
24894153,19
11987860,19
447911,19
46937048,19
2776424,19
9547959,19
46937053,19
25210476,19
25049750,19
446106,19
2724883,19
673481,19
131505,19
5288064,19
5288066,19
446845,19
24963048,19
24801862,19
14899645,19
736407,19
5289197,19
6852129,19
753,19
2548,19
4989,19
5032,19
5523,19
32169,19
62965,19
71469,19
107969,19
127909,19
441382,19
5462337,19
448532,19
46937148,19
5327067,20
5360515,20
3767,20
896,20
3019,20
1978,20
3343,20
9923,20
159055,20
448269,20
17754131,20
12530,20
446385,20
446185,20
446948,20
131704254,20
447108,20
14463,20
1032,20
447827,20
5438,20
17753992,20
5289470,20
1511,20
17754186,20
10305301,20
439427,20
448012,20
5289039,20
448009,20
10621,20
10299876,20
24180718,20
22850133,20
44129620,20
11441375,20
10343728,20
24180722,20
4369568,20
5287977,20
54682463,20
4474224,20
23586145,20
25243853,20
25134253,20
2738139,20
92109,20
11149906,20
9549259,20
74077203,20
6852168,20
11979006,20
10286159,20
449241,20
24748045,20
449003,20
11984575,20
9547890,20
6006216,20
44129629,20
44129630,20
5289054,20
122335,20
447359,20
24878044,20
124075,20
3447,20
5467,20
5203,20
107994,20
15951529,20
444378,20
131704215,20
448407,20
9576891,20
46937061,20
9562794,20
5353788,20
2349,21
53708,22
4993,22
1983,22
5405,22
6279,22
5358,22
5280980,22
5479,22
813,22
5496642,22
65355,22
2663,22
9933475,22
6918837,22
9842606,22
25134249,22
68205,22
976666,22
657061,22
54688400,22
9543496,22
16750074,22
11504295,22
6,22
23982,22
4418,22
4542,22
5051,22
5651,22
45469,22
157429,22
5327147,22
44257,22
11987861,22
444008,22
72304,23
154257,23
65015,23
708346,23
97297,24
5391,24
2578,24
40839,24
4046,24
2913,24
5035,24
449171,24
3156,24
2803,24
6917698,24
4935,24
60877,24
5284566,24
77992,24
32798,24
27661,24
4883,24
4870,24
53461739,24
4631,24
5325,24
23700,24
65115,24
5798,24
5287488,24
65359,24
448841,24
25199766,24
9887712,24
9952916,24
3038498,24
6115,24
670006,24
24860533,24
24180719,24
24812720,24
24836812,24
25011729,24
23653503,24
11348631,24
5287796,24
25134257,24
4292413,24
7013169,24
23586146,24
23645578,24
24963033,24
11349402,24
11974440,24
87031,24
9926933,24
5289332,24
656909,24
6323528,24
121026,24
15574941,24
169371,24
11707110,24
170361,24
5288710,24
5289037,25
229455,25
4908,25
5284551,25
10607,25
5875,25
516892,25
3678,25
445504,25
191445,25
447329,25
108143,25
59227,25
9969613,25
6857702,25
9966051,25
11250029,25
5040,25
10631,25
6119063,25
16040294,25
21772,25
11965427,26
54841,26
6000,26
11949646,26
57379345,26
5277135,26
2375,26
208920,26
24846132,26
5282489,26
6540267,27
37768,27
38853,27
3100,27
36921,27
439284,27
449014,27
984,27
205131,27
11658860,27
27400,27
10783,27
62358,27
90206,27
2079916,27
6918710,27
447219,27
24798741,27
11229234,27
654376,27
24752832,27
24901723,27
46937115,27
10364826,27
44422489,27
46937119,27
11560224,27
11338033,27
16750094,27
24764442,27
129539,27
2972,27
5330286,27
46196517,27
2232,27
104799,27
455658,27
3086685,27
6918182,27
9815559,27
10028615,27
6003770,27
766948,27
46937063,27
11464526,27
45270264,27
16045336,27
54684141,27
447903,28
2343,28
107,28
186,28
3082729,28
643330,28
12148754,28
5288002,28
46937105,28
25102847,28
1084,28
4053,28
60834,28
147912,28
70678590,28
9568617,28
24763,28
11967905,28
5289295,28
6326983,28
6119062,28
448972,28
49866787,28
449108,28
5288173,28
448999,28
8977,28
5288075,28
4369413,28
46937127,28
51045,28
5281897,29
71567,29
2881,29
32281,29
4479094,29
5464096,29
16137828,29
46878492,29
5281077,29
5287671,29
12993649,29
210332,30
26987,30
5819,30
5071,30
34633,30
4192,30
5504,30
6473883,30
4235,30
5995,30
4310,30
446382,30
644065,30
447998,30
277,30
6505368,30
133021,30
5709,30
14368760,30
448285,30
5278688,30
24752837,30
9871419,30
3194,30
772,30
1971,30
2133,30
4451,30
4547,30
4678,30
5486,30
41744,30
316280,30
3037258,30
446556,30
656911,31
15606,31
445936,31
5881,31
446595,31
95034,31
656894,31
96647,31
448436,31
5289561,31
637090,31
967,31
9543427,31
447873,31
446237,31
447845,31
444718,31
17754104,31
189150,31
5311,31
675,31
445967,31
445306,31
448965,31
14253,31
448658,31
17753927,31
5497016,31
17473,31
24239,31
446468,31
3364666,31
73927,31
447336,31
445459,31
49867144,31
5289299,31
974,31
72258,31
5388928,31
9958,31
5288147,31
5288145,31
12897341,31
1001,31
17754130,31
5459816,31
119138,31
447406,31
5289570,31
444792,31
446240,31
387442,31
9862248,31
2462,32
667484,32
123631,32
9878,32
6249,32
444031,32
2727,32
4100,32
3152,32
3827,32
441306,32
4932,32
66265,32
5735,32
38103,32
10668,32
14584,32
3003157,32
3380,32
62436,32
28204,32
447371,32
4057,32
4101,32
656580,32
6451149,32
5573,32
2826,32
3062,32
3443,32
3642,32
4248,32
4264,32
4411,32
4419,32
4422,32
4425,32
4634,32
4638,32
21945,32
40159,32
5361912,32
2733526,32
57030,33
448286,33
445986,33
4476947,33
5459784,33
2993,33
71587201,33
60817,33
5289501,33
46937060,34
5311067,34
84088,34
5289193,34
1808,34
448661,34
445718,34
445211,34
42626649,34
5289205,34
447877,34
92824,34
4369171,34
38,34
447980,34
440005,34
447959,34
181426,34
24778299,34
10822243,34
448258,34
5281701,34
11963565,34
439530,34
10993014,34
146,34
159,34
206,34
3203,34
3750,34
5596,34
56603655,34
91443,34
5281243,34
6037,34
5311027,34
5326739,34
17754027,34
131704274,34
446622,34
131704303,34
5287517,34
23624249,34
24875302,34
6420178,34
54682555,34
9859248,34
46937150,34
148138,34
1234,34
447962,35
2474,35
60613,35
54680690,35
35330,35
33166,35
107758,35
5431,35
445443,35
447776,35
5288504,35
445756,35
445715,35
444104,35
5288600,35
65130,35
10394,35
440033,35
75019,35
446400,35
2014,35
71353,35
5340,35
9941444,35
5419,35
6852165,35
134111,35
4369426,35
6914621,35
447695,35
9927355,35
2817424,35
21850055,35
510684,35
24762195,35
5289221,35
14812933,35
445920,35
46937179,35
40589,35
47528,35
9852519,35
24822371,35
5288615,35
5403427,35
24872560,35
7000165,36
305,36
5960,36
6262,36
1738118,36
33032,36
5280793,36
14969,36
5359272,36
445571,36
259994,36
11073745,36
289,36
3371,36
447527,36
656979,36
466959,36
445784,36
1855,36
5287894,36
17753990,36
445995,36
444306,36
7311735,36
4630909,36
5289509,36
131704229,36
49867153,36
5289320,36
66898,36
5289122,36
127716,36
444139,36
5226,36
18068,36
3034794,36
10132,36
65063,36
446934,36
657026,36
5288598,36
446238,36
5164,36
444569,36
131704283,36
15991574,36
1548943,36
11507040,36
699,36
65281,36
3081276,36
46937162,37
5572,37
5253,37
5870,37
3366,37
5288631,37
4369491,37
5326966,37
108092,37
11154555,37
15942652,37
25023706,37
46937054,37
46937091,37
12092,37
4266,37
148191,37
11020241,37
446753,37
46936855,37
3034285,37
214347,37
9547935,38
2883,38
5280965,38
5775,38
2244,38
679,38
54684589,38
9700,38
449159,38
99478,38
16028,38
445615,38
17753820,38
447030,38
4634231,38
123938,38
445575,38
447508,38
444346,38
5289562,38
5388936,38
4528,38
16136912,38
9875401,38
3058751,38
444650,38
10072851,38
16741275,38
445332,38
5288217,38
11493598,38
24893974,38
11531308,38
688424,38
46937133,38
23659732,38
14611919,38
25147495,38
54693872,38
121750,38
54736486,38
54723704,38
25229537,38
1175,38
708857,38
969516,38
46220502,38
1355,38
9904,38
4659568,38
164521,38
10308106,38
71273,39
4510,39
5311309,39
4868,39
4037,39
11876263,39
6098,39
5002,39
21233,39
441289,39
50192,39
71077,39
6292,39
153270,39
68165256,39
91488,39
3623,39
4673,39
39524,39
6915944,39
31307,40
50942,40
73333,41
70789197,41
3520,41
3002190,41
4054,41
4891,41
2585,41
5284359,41
159269,41
72287,41
3952261,41
3001028,41
4622,41
5310939,41
9838022,41
5327152,41
5977,41
65064,41
489129,41
16129629,41
46181941,41
5287596,42
493570,42
3658,42
5288101,42
447659,42
445154,42
449208,42
447771,42
3744,42
239,42
447531,42
131704239,42
449346,42
1174,42
6419229,42
6604901,42
5287974,42
104772,42
439507,42
446411,42
444196,42
637517,42
123865,42
10367,42
448176,42
455742,42
447739,42
5719,42
448219,43
2724385,43
969472,43
443872,43
3647,43
47965,43
468595,43
656652,43
9427,43
1318,43
446856,43
7950,43
1865,43
12803287,43
64972,43
16040323,43
75846,43
11368987,43
977,43
2173,43
2215,43
5478,43
32797,43
42008,43
444498,43
5289232,43
24875301,43
5496892,43
4734,44
9782,44
4004,44
92253,44
445131,44
24873435,44
24965990,44
54767916,44
182137,44
2828,44
3279,44
5381,44
5359596,44
21826,44
131704205,45
10062737,45
11861988,45
5287989,45
131704251,45
1609,45
1698,45
91562,46
3226,46
3957,46
2554,46
31378,46
5566,46
644073,46
5342,46
30699,46
6307,46
456255,46
44185,46
53025,46
441199,46
446727,46
122357,46
2787,46
9913767,46
2563,46
2609,46
2610,46
2622,46
2631,46
2637,46
2646,46
2650,46
2654,46
2658,46
2666,46
47725,46
54373,46
6333887,46
1292,46
2612,46
5353853,46
9570757,46
45266502,46
55891,46
3035406,46
5311221,46
26757,46
656583,46
667468,46
5329102,46
5479537,46
5282242,46
54331,47
5322,48
4679,48
158781,48
3034034,48
4114,48
60855,48
16490,48
3345,48
5745,48
65389,48
4290,48
444440,48
449381,48
447720,48
92851,48
449013,48
5289333,48
4184,48
3448,48
6914629,48
9844011,48
449080,48
4369498,48
46937080,48
9549258,48
92249,48
3307,48
39912,48
315411,48
60149,49
6116,49
4020,49
4943,49
7752,49
1714,49
446873,49
446186,49
444222,49
11492186,49
15602701,49
233979,49
24905144,49
15991577,49
447110,49
1690,49
5212,49
5828196,49
23647652,49
5951796,49
8150,50
5978,50
449538,50
5289535,50
5287673,50
24808499,50
444144,50
46937113,50
447835,50
46937114,50
25195339,50
1548992,50
5243,50
2308,50
154058,50
247978,51
124886,51
3676,51
3517,51
5287579,51
385,51
447956,51
447522,51
131704202,51
159772,51
80654,51
443201,51
3973,51
446242,51
3311,51
7245,51
17754159,51
448173,51
447066,51
446986,51
5288700,51
446446,51
273,51
4470577,51
448302,51
444455,51
176870,52
3080904,52
253602,53
2811,53
449120,53
2833,54
34040,54
148211,54
91546,55
5478865,55
175468,55
52941757,55
444861,55
131704266,55
6453585,55
25113128,55
16757525,55
10267580,55
46937129,55
87517,55
11840968,55
449042,55
65947,55
23644225,55
17753936,55
9887303,55
6102594,55
6323375,55
133246,55
11740154,55
448889,55
135548,55
445404,55
5287799,55
131704261,55
6323417,55
6323200,55
11646,55
89950,55
10134160,55
6248837,55
5729339,55
42627296,55
131704307,55
5326928,55
24779677,55
24741805,55
16750097,55
5205,56
31640,56
2754,56
451668,56
3783,56
130564,56
147740,56
5281224,56
445981,57
1066,57
1030,57
95014,57
446276,57
1616,57
124823,57
17759780,57
25113616,57
42628060,57
4634038,57
16086836,57
5459361,57
14888,58
1989,58
24244,58
5328,58
2910,58
4735,58
3639,58
54675769,58
4539,58
33613,58
5401,58
92727,58
6087,58
33478,58
445503,58
16086422,58
3783853,58
210320,58
2168,58
2171,58
2344,58
4727,58
4819,58
22318,58
114709,58
6435110,58
5281074,58
667476,58
11653652,58
24838623,59
11597698,59
214339,60
3054,60
5284512,60
5484727,60
104865,60
60714,60
3435,60
5284604,60
101989,60
16186054,60
156422,60
656959,60
1514,60
1662,60
10178705,60
780,60
6857724,60
2391,60
9823820,60
2547,60
5650,60
9794842,60
54677977,60
54682541,60
23668193,60
72111,61
13711,61
44571,61
216237,61
24847879,61
5326608,61
158,62
5379,62
60795,62
1701,62
24812717,62
151170,62
5362391,63
29327,63
43594,63
6398365,63
7708,63
2617,63
2655,63
2656,63
47319,63
443379,63
9800339,63
28417,63
11567473,63
246983,64
119570,64
5311068,64
4848,64
7099,64
439524,64
449593,64
3013848,64
7124,64
15624,64
440901,64
1475,64
3266379,64
439246,64
712,64
444763,64
9223,64
17754216,64
32594,64
446228,64
168924,64
5287495,64
131704305,64
46937090,64
3000541,64
5082818,64
11987878,64
745994,64
481709,64
5487313,64
25229546,64
44141939,64
17753926,65
446156,65
444,65
72194,65
448650,65
46936378,65
5288251,65
5723,65
65258,65
5288564,65
5287429,65
448878,65
129236,65
446658,65
24941248,65
5276507,65
15942655,65
24836813,65
24978486,65
16744441,65
10958449,65
5328120,65
73571,65
5288373,65
5544,65
54840,65
192155,65
5388909,65
9601217,65
25093369,65
44144378,65
44144379,65
46937055,65
10135836,65
12106168,66
3105,66
35370,66
7638,66
6005,66
1986,66
5287463,66
219078,66
244,66
24800833,66
5326868,66
3928,66
4689,66
72022,66
6433117,66
216235,67
5749,67
6834,67
129891,67
24764441,67
3939,67
4443,67
5488383,67
165436,68
6540428,68
4199,68
3117,68
54682938,68
236666,68
165381,68
65098,68
25181321,68
68712,68
2487,68
19090,68
122671,68
4369560,69
447805,69
448381,69
447029,69
54688261,69
447731,69
131704245,69
5288834,69
445993,69
446492,69
668,69
25113126,69
5287620,69
42628075,69
5494422,69
24856363,69
23615309,69
5331010,69
11674979,69
24905153,70
6082,70
17754078,70
657023,70
447123,70
1694,70
23647357,70
11586735,70
4369497,70
9549303,70
5327110,70
650361,70
46937093,70
1202104,70
9547915,70
16129582,70
24820112,70
16122638,70
16739331,70
44563262,70
447656,70
9999276,70
447700,70
1854,70
10150441,70
130804,70
21066096,70
10249180,70
44629554,70
25113120,70
5524,70
9547884,70
446560,70
24971312,70
6857691,71
5311066,71
132302,71
657085,71
10180,71
22479942,71
447912,71
24963036,71
15942672,71
11696113,71
23586040,71
2765355,71
76098,71
216466,71
445694,72
216326,72
10548,72
158397,72
3543,72
5743186,72
216468,72
25113123,72
11602832,72
25134245,72
448955,72
667639,72
146089,72
3720,72
13344,72
16058752,72
10456828,72
5284592,73
36294,73
3950,73
449379,73
183145,73
3085218,73
9547901,73
5282237,73
5281884,73
5248,73
104741,74
5831,74
20055414,74
77997,74
444406,75
4761,75
2879,75
6857487,75
8631,75
6857710,75
23647763,75
10114365,75
25011726,75
5289314,75
5289474,75
11287125,75
444704,76
5905,76
2141,76
637516,76
9875516,76
14163672,76
6102820,76
6102821,76
24812718,76
15083623,76
23647659,76
25058128,76
3680,77
5311128,77
3007,77
3559,77
4066,77
24768551,77
5064,77
24812721,78
91867,78
119590,79
11505541,79
49,80
5280961,80
447560,80
5287415,80
12793,80
446505,80
446600,80
657095,80
439183,80
5323,80
44141864,80
54708746,80
5289378,80
9848818,80
453,80
4432,80
5289534,81
14309,81
5288605,81
128419,81
5287555,81
264,81
4641,81
24826799,81
99594,82
65866,82
444290,82
160478,82
70119,82
446904,82
643976,82
196672,82
131704259,82
446049,82
17753823,83
166548,83
62959,83
4469371,83
5289424,83
17754026,83
445228,83
439168,83
440041,83
90334,83
82400,83
5289108,83
5289301,83
447945,83
5172,83
6327350,83
767,83
9811221,83
274,84
5754,84
17754117,84
5801,84
16500,84
124734,84
65304,84
447733,84
17754062,84
572,84
447872,84
4628690,84
447977,84
192826,84
5288817,84
443199,84
4478249,84
1014,84
444170,84
215436,84
54688711,84
5287525,84
440667,84
10340,84
28693,84
15558638,84
450,84
24706,84
11238823,84
5280951,84
64778,85
3033538,85
50294,85
446241,85
155774,85
119212,85
4747355,86
16129675,86
5311412,86
31477,86
323,86
444020,86
24768548,86
6914661,86
5274976,86
10062714,86
24905152,86
13582275,86
6540299,86
21066087,86
9991833,86
10317619,86
10249182,86
46937047,86
4369551,86
9882972,86
24779675,86
456468,87
6083,87
5951,87
6305,87
171284,87
445478,87
892,87
446857,87
13945,87
445724,87
49867766,87
446195,87
487,87
447145,87
9869929,87
16760554,87
444841,87
41317,88
3365,88
5546,88
452548,88
16850,88
3446,88
6726,88
449606,88
6476,88
92974,88
11691442,88
446744,88
656970,88
49846579,88
1546,88
2951,88
3661,88
656965,89
3229,89
446220,89
6479523,89
6442177,89
83887,89
82313,89
17754054,89
9887812,89
129228,89
3236724,89
655,89
440483,89
25147494,89
961,89
2476,89
153941,89
1548887,89
23648296,90
1060,90
6137,90
2153,90
3168,90
5568,90
2761171,90
441335,90
124087,90
5743,90
446947,90
656989,90
447377,90
445026,90
4633094,90
131704242,90
1682,90
446236,90
440121,90
794323,90
5287512,90
2374,90
5288033,90
444394,90
46937112,90
5289112,90
838,90
853,90
3075,90
4120,90
441397,91
5481350,91
2435,91
3394,91
3103,91
123630,91
3465283,91
445722,91
54685524,91
2551,91
3032,91
3363,91
4603,91
64147,91
3724,92
3762,92
2266,92
5329,92
1549000,92
2159,92
7187,92
9915886,92
16040268,92
23586178,92
6102852,93
10095904,93
3003,94
392622,94
564,94
3182,94
6196,94
5394,94
5351,94
5720,94
25113101,94
2187,94
3916,94
4730,94
12594,95
2914,95
3052776,95
447518,96
1103,96
190,96
54445,96
445005,96
446056,96
72172,96
439230,96
447206,96
71166,96
5288382,96
51634,97
1046,97
4064,97
5355,97
6256,97
4893,97
60835,97
41684,97
3961,97
6646,97
34312,97
4762,97
54682461,97
2802,97
4927,97
4449,97
3463,97
2968,97
54682045,97
5284553,97
6077,97
21855,97
5281613,97
3154,97
3915,97
22617237,97
444302,98
6918584,98
440046,99
56959,99
5755,99
4636,99
5966,99
441207,99
449190,99
16019963,99
547,99
656973,99
88064,99
5287890,99
445009,99
461278,99
3009,99
25163987,99
2782689,99
23629645,99
17758361,99
46937103,99
3246941,99
1530,99
25220904,99
11963512,99
3155,99
9977819,100
65028,100
39468,100
56339,100
25242512,100
10168,100
3251,100
5077,100
12536,100
54547,100
71436,100
11672461,100
6230,100
445651,101
3711,101
5289111,101
5733,101
219077,101
9549225,101
708990,101
23647361,101
24794406,101
10152654,101
447724,102
5193,102
2477,102
5326637,102
1024,102
54682930,102
145729,102
446429,102
445723,102
11953931,102
446136,102
50614,102
2969,103
439202,103
445037,103
4293,103
447015,103
5496599,103
6030,103
78598,103
445840,103
5459952,103
219104,103
15942673,103
16124,103
444965,104
5962,104
449366,104
118458,104
84704,104
8914,104
76883,104
131704240,104
5288634,104
448726,104
903,104
25138289,104
455041,104
222,104
6323520,104
3406,105
3958,105
21704,105
5344,105
4095,105
3883,105
13342,105
5906,105
5311017,105
60815,105
19003,105
17676,105
5284583,105
3033053,105
439213,105
28486,105
30487,105
15991546,105
44112,105
33625,105
5773,105
2365,105
3911,105
4272,105
4691,105
24847877,105
4642,106
145742,106
54676228,106
3487,106
119,106
445344,106
453369,106
446054,106
446835,106
6857417,106
11840929,106
9978312,106
24941258,106
9543486,106
452307,106
11608401,106
42628063,106
3137930,106
194777,106
656892,106
5327122,106
131704311,106
9868491,106
6440191,107
24775005,108
159252,108
23270857,109
6049,109
9642,109
17754184,109
107971,109
448249,109
10401956,109
3822,109
6914657,109
1875,109
11963551,109
17754396,110
449128,110
448057,110
16615,110
9998128,110
4470378,111
119224,111
447137,111
5997,111
11753673,111
46936782,112
4737,112
1102,112
9831414,113
56208,113
9930048,113
23682309,113
16478818,113
5326929,113
6857719,114
21307,114
5289247,114
5289284,114
9547900,114
5321765,114
445958,114
5288190,114
445952,114
25113157,114
647499,114
159296,115
87642,115
1337,115
1893,115
172469,115
8153,115
546,115
5740,115
6858204,115
447476,115
449029,115
449005,115
72886,115
1759,115
446604,115
446313,115
3998,115
24316,115
790,115
23656870,115
30323,116
4354,116
1372,116
23653507,116
10024590,116
46937073,116
16122525,116
5288215,116
128564,116
25203945,116
5289411,116
6322,117
24776445,117
10465263,117
46937123,118
656629,118
3102,118
688267,118
441478,118
6323178,118
11495704,118
6540255,118
11963499,118
10062718,118
9549217,118
1184681,118
16122581,118
16122580,118
3000237,118
447545,118
216454,118
46937125,118
5326930,119
444761,119
5327159,120
3010818,120
40636608,120
5288206,121
3488,122
247839,122
8378,122
3291,122
8280,122
60606,122
5282381,122
3672,122
4947,122
9799888,122
61799,122
25094462,122
25880656,122
25880664,122
40468184,122
51508717,122
54681041,122
9809715,122
5287411,123
89105,123
3492020,123
24905142,123
6852209,123
439912,123
6006,124
10101,124
3877,124
123015,124
6433091,124
152951,124
1916699,124
5402,125
2955,125
25263414,125
71345,125
130188,125
4500,125
24875319,126
941361,126
25134250,126
25134251,126
448953,126
115368,126
5531,126
447364,127
65177,127
5289336,127
96595,127
79034,127
445843,127
17753826,127
17754066,127
10157080,127
46937081,127
9817372,127
11963552,127
23629653,127
1587957,127
25011727,127
449242,127
449243,127
5496653,127
16122642,127
24836811,128
44259,128
136449,128
5289282,128
69672,128
447524,128
439509,128
367584,128
34474,128
2266114,128
16058637,128
10379137,128
11302,128
4369433,128
5497171,128
23640756,128
11267350,128
157921,128
54687131,128
37792,128
447735,129
439781,129
65076,129
444695,129
46937071,129
2138,130
445768,130
2901,130
46937074,130
7075,130
10708341,130
9817381,130
93036,131
444972,131
448238,131
165363,131
4369379,131
15689,131
6176,131
164628,131
447076,131
439283,131
5288577,131
69507,131
44205240,132
91557,132
178051,132
119404,132
25920890,132
8813,132
6918314,132
5327014,133
4369502,133
9600421,133
3033968,133
3648,134
4075,134
4107,134
4946,134
57469,134
2973,134
60648,134
17753929,134
4369390,134
15627868,134
24764430,134
68770,134
2341,134
2818,134
3553,134
3734,134
4112,134
5155,134
5582,134
11963622,134
68498031,134
9832383,135
2479,135
5289243,135
41987,135
122077,135
158795,135
5276520,135
657007,135
8193,135
9543487,135
93114,135
4858,135
24821094,135
2333,135
24836816,135
25220903,136
9543495,136
24779724,136
5288222,136
16741209,136
46937147,136
446981,137
5311052,137
62867,137
25181315,137
449026,138
11987804,139
4616,139
11634458,140
2123,140
94599,140
9968957,140
1540,140
3383616,140
131704312,140
177336,141
39765,141
9934347,141
2684,141
9257,142
3542,142
7259,143
444719,144
12023,144
5481481,144
104904,144
82148,144
1949,145
5287541,145
46936368,145
449154,145
611002,146
152946,146
60825,146
5287571,146
1755,146
444453,146
449124,146
13806,146
5287465,146
446286,146
10077130,146
169148,146
5288032,146
1286536,146
216209,147
10288191,148
174174,148
119031,148
5505,148
3698,148
23727981,148
24963032,148
123879,148
5280492,148
2202,149
443958,149
444013,149
15459,149
2895,149
4746,149
6032,149
5206,149
447994,149
177236,149
131664,149
153994,149
3052762,149
2239,149
2512,149
5372,149
5515,149
6918365,149
11963944,149
65059,149
5003498,150
3696,150
439216,150
449409,150
445937,150
160556,150
16741237,150
46937084,150
637775,150
24456,150
40976,150
5494447,150
11955614,151
93176,151
46937086,151
848641,151
4369432,151
11952989,151
2059510,151
446641,152
12560,152
2179,152
7028,152
4887,152
446814,152
18609542,152
46937095,152
49957,153
119182,153
49867502,153
445935,153
5288859,153
5289389,153
11318,153
447655,153
46936613,154
1051,154
6106,154
447682,154
178,154
1048,154
17754220,154
65536,154
4359,154
121976,154
21501,154
6914627,154
444607,154
5327109,154
802,154
446620,154
446640,154
448002,154
445314,154
46937170,154
93082,155
5289306,155
49866901,155
56338,155
444033,155
3081884,155
5362070,155
448406,155
6323515,155
5287939,155
65103,155
3340355,155
10909908,155
6323516,155
56069,155
131704234,155
17753797,155
100684,155
9574101,155
5289386,155
5281006,156
72466,156
9552070,156
16065945,157
4583,157
6009,157
11987823,157
9458,157
6917779,157
56959087,157
4684,157
3256861,158
5790,158
5429,158
8063,158
447815,158
446512,158
12374,158
448027,158
92282619,158
439217,158
445905,158
61503,158
447405,158
84836,158
5287789,158
16122582,158
42608447,158
26275995,158
24875313,159
5289484,159
24779674,159
460,159
46199646,159
25134252,160
3964,160
15130,160
219100,160
4260,160
46937089,161
9429,161
4592,161
6857688,161
24941254,161
5410,161
24778473,162
26934,162
5288679,162
6918852,162
9865528,162
9833444,162
6918589,162
16105493,162
5496872,163
3382778,163
447411,163
2524,163
9887557,163
4468930,164
2671,164
446801,164
13695,164
9963148,164
449015,164
16682734,165
4649,165
7029,165
60953,165
3690,165
219024,165
56640146,165
67462786,165
11284169,165
54889,165
46937031,166
31101,166
5289343,166
43157,167
440104,167
447152,167
46937144,167
5288641,168
6245,168
131704177,168
5353305,168
6105620,168
4971,168
5353306,168
445076,168
10086234,168
444737,168
448768,168
131704253,168
440190,168
5326727,168
6323390,168
5288260,168
449459,168
11502647,168
11221386,168
60146,169
132971,169
3053,170
65016,170
39562,170
54736482,170
7045767,171
108156,171
6323182,171
57525501,171
447916,171
447905,171
760,171
447865,171
448010,171
10062732,171
21733122,171
11005,172
6918155,172
1604,172
46937059,172
11779786,172
25134267,172
25271556,172
11574606,173
5732,173
11840930,174
1201549,174
50922675,174
60843,174
25195365,174
25113145,174
52942975,175
5288826,175
175805,175
5510,175
4740,175
5336,175
4828,175
2083,175
9911502,175
69512,175
444894,176
40472480,176
199994,176
5353894,176
6915744,176
11546620,176
5288708,176
5288711,176
5289278,176
6323394,177
4507,177
447414,177
261000,177
76839,177
5287550,178
2732,178
7699,178
3148,178
72081,179
446627,179
11138,179
774282,180
586,180
446605,180
446833,180
448524,180
6961,180
5789,180
170018,180
446552,180
102710,181
127151,181
5311000,181
5746,181
3295,181
6869,181
23724781,181
3869,181
5587,181
26879,181
65863,181
4601,181
60919,181
2164,181
6464,181
6473,181
448942,181
2156,181
8230,181
5311447,182
3404,182
4909,182
5245,182
4116,182
56330,182
16046126,182
448994,182
23653502,182
297,182
5647,182
149351,183
5472,183
441281,183
3396,183
11167602,183
10280735,183
3462,183
5595,183
11163584,183
46937079,184
6323491,185
65249,185
72396,185
5288250,185
6914643,185
5470,186
5440,186
5745206,187
5314,187
5625,187
6918218,187
57537,187
60751,187
9846180,187
448384,188
17754156,188
445109,188
5460481,188
4369384,188
11712628,188
25134246,188
10477723,188
11501341,188
10096344,188
5287443,189
988,189
5460502,189
16058650,189
452723,190
165580,190
131704280,190
151075,190
24905143,190
448271,190
10062702,190
447099,190
17150,191
129211,191
4781,191
702,191
4756,191
62751,191
1015,191
16758228,191
3518,192
4167,192
6432,192
6380,192
159325,192
46937142,192
4820,192
6102761,193
10125830,193
46937068,193
2367,193
131704221,193
24756824,194
447766,194
5278690,194
92180,194
447277,194
5288616,194
44224261,194
46937143,194
10457944,195
6470990,195
449162,195
501254,195
9046,195
11633167,196
17754154,196
9956726,196
18719622,196
446345,196
24752833,197
171548,197
2519,197
2351,197
440210,197
448879,197
445555,197
444655,197
159738,197
164739,197
441923,197
3689,197
11171679,198
23615404,198
131704197,198
447628,198
65091,198
3359381,198
131704268,198
5280567,198
3332,198
5288067,198
5288998,198
444706,199
11390,199
5326884,199
5326885,199
5326886,199
6918638,199
1548953,199
25011733,199
3943211,199
2376771,199
25150855,199
46937121,199
10224714,199
11373270,199
5459348,199
46937070,199
250653,200
5287785,200
24768537,201
4369102,201
6914573,201
25113181,201
9845059,201
3695754,201
44814423,201
444974,202
6306,202
447341,202
68152,202
447634,202
46890069,202
4369594,202
5288553,202
11655511,202
5289331,202
46937168,202
11840990,202
6914647,202
447688,203
448903,203
446756,203
5496597,204
3598,204
65937,204
4810,204
68870,204
3143,204
57697,205
6951123,205
24989044,206
6741,206
6323244,206
5105,206
24779678,206
46216142,207
11987888,207
4048,207
23689036,207
9886249,207
9354,208
19861,208
60823,208
9570,208
6120722,208
11295,208
448926,208
6662,208
60602,209
3290,209
441140,209
3025,209
5878,209
5904,209
2725,209
5736,209
443869,209
2225,209
656668,209
51701,209
5311217,209
4008,209
4454,209
6445226,209
4722579,210
447488,210
444720,210
24861080,210
543502,210
24865390,210
9549257,211
19235,211
5289459,211
4369435,212
123648,212
40539,212
6914595,212
171833,212
25138294,213
6102822,213
16224058,213
13294447,213
11396600,214
67361,214
4495,214
46937052,214
448297,214
9823454,214
5289296,215
62296,215
5092,215
1055,215
6950578,215
7966,215
3899541,215
15991535,215
15942651,215
9034,215
5287503,216
16131215,216
2403,216
4476954,216
448535,216
7532,216
107984,216
193653,216
7558,216
5287834,216
1567,217
5538,217
445246,217
17753965,217
6365297,217
25129137,217
243556,217
73094,217
505461,217
177837,218
12219,218
445182,218
7100107,218
131704272,218
448940,219
4635105,219
445883,219
5287584,219
5282165,220
36462,220
2157,220
39764,221
54677971,221
18381,221
6918107,221
7127816,221
5311051,221
2958,221
46937137,222
2281,222
65241,222
11659487,222
9826528,223
2583,223
2144,223
445770,223
441481,223
1720,223
24768560,223
24856362,223
9896504,223
24764434,223
104842,224
2734608,224
9883933,224
3739,225
8007,225
12229396,225
24832019,225
6031,226
445576,226
446244,226
1021,227
5288867,227
4634714,228
448254,228
444809,228
4173,229
41781,229
5816,229
8271,230
4474,230
443879,230
9433,230
941651,230
3387,230
4745,230
11973,230
445643,230
11428356,231
42113,231
249,231
6420121,231
5326843,231
46937066,231
9600408,232
656957,232
5289294,232
439774,232
108223,232
60668,233
4160,234
60854,234
2723601,234
444036,234
121891,234
16122612,234
3249,234
3937,234
4138,234
6917864,235
9949848,235
15950376,235
24550,235
33030,235
46937158,236
2763754,236
10258,236
25150856,237
445849,237
444853,237
2766552,237
25243828,237
11519070,237
54723327,237
445144,238
79124,238
25113615,238
9884318,238
180559,239
447378,239
3253681,239
446336,239
9549180,240
16040289,240
11694089,240
444721,240
448763,240
369976,240
22297,241
3162,241
5362119,241
444590,241
5287468,241
1369,241
798,241
948,241
445750,242
1023,243
447568,243
446103,244
5288607,244
11966124,244
446958,244
444753,244
443936,244
134497,245
8064,245
736715,245
3035817,245
65070,245
17754073,245
447793,245
448991,245
4369162,245
445210,245
448011,245
6323407,245
314123,246
446752,247
5288643,247
46936633,247
146719,247
162636,247
5287459,247
656949,247
446659,248
21319,248
2265,248
447652,248
3534,249
6854,249
5780,250
447534,250
4763,251
27447,251
60871,251
9568614,251
107807,251
11291,251
2966,251
16122634,251
45375808,251
13109,251
3000322,252
4674,252
72474,252
2118,252
51039,252
4680,252
2200,252
2771,252
47320,253
24087,253
3599,253
5311505,253
62816,254
2678,254
454216,254
5509,254
5359371,254
5593,254
3601,254
3331,254
36314,254
443943,254
11505907,254
5950,255
9750,255
439153,255
6112,255
6011,255
647,255
964,255
5288136,255
92133,255
115254,255
4725,255
72443,255
9571107,256
13559281,256
71406,256
107694,256
5282443,256
5267,257
5665,257
23663404,257
11001318,258
24856354,258
185460,259
13949633,259
3738,260
5289354,260
670,260
2734054,260
101369,260
24012,260
5289419,260
68865,261
54676868,261
16741238,262
25263223,262
6096886,262
1122713,263
445841,263
5227,263
4565,263
23653530,263
24892821,263
11610553,263
46937161,263
11314340,263
24971313,263
23654841,263
25058138,263
6438583,263
14357,264
447426,264
445114,264
62452,264
1478,264
46937118,264
9543420,264
5288981,265
444862,265
449598,265
1387,265
447960,265
439554,265
2761815,265
25138203,265
440114,265
5287741,265
24794392,265
44129612,265
163296,265
8408,266
3815,266
46937135,266
3845,266
24864079,267
9543437,267
36688409,267
680935,267
24864077,267
24864078,267
24864082,267
46937106,268
5280953,268
46937107,268
11332763,269
23657800,270
1282,270
673,270
657073,270
439444,270
447638,270
378,270
14925,270
7023019,270
23727982,270
11554165,271
447961,271
456390,271
46937152,271
2742752,271
176407,271
131704264,272
40467016,272
54687250,273
17754065,273
6541406,274
185915,274
446101,274
448970,274
448208,274
24485,274
16752640,274
11986118,274
69736,274
446320,275
1400,275
445237,275
5414,275
5494411,275
4369534,275
1700,275
5359421,276
5486971,276
115355,276
19150,276
3341,276
446987,276
13308,276
5284543,276
2441,276
31401,276
33746,276
60172,276
6335986,276
4917,277
10531,277
15541,277
43507,277
23897,277
4567,277
9574768,277
24808489,278
25187896,279
22489160,279
2398,279
6918835,279
6540558,280
448017,281
131704207,282
5479529,283
2342,283
477468,283
60853,283
4675,284
8515,284
449575,284
3706,285
148124,285
37464,285
16259,285
7027,285
22690393,285
3737,285
3741,285
11029,285
42955,285
5362485,286
6251,286
150311,286
5287754,286
446239,286
10238,286
60752,286
156418,286
6328144,286
5282494,286
5289564,287
449526,287
448137,287
24875311,287
1788,287
1786,287
441047,287
441048,287
5289566,287
3082640,287
55717,287
5272139,287
12606920,288
8376,288
5287544,288
64151,288
446816,288
6029,288
1017,288
444397,288
25113136,288
446415,288
604,288
5287621,288
46937165,289
4976,289
9988024,289
337359,289
6914660,289
24882195,289
9865587,290
16122632,291
65999,291
15602982,291
127504,291
24798097,291
6420149,291
71955,291
1819,292
447492,292
42642645,292
639097,292
10204,293
24748047,293
10174090,293
11790,293
24892822,293
20541332,294
5288660,294
6323374,294
46936357,294
9584,294
4477,294
5496862,294
44129603,294
5281007,294
2733279,295
120231,295
446978,295
75451,295
447767,296
5959,296
5288593,297
448872,298
39147,298
1800,298
75791,299
445707,300
439352,300
439280,300
8333,300
17754204,300
130336,300
5288675,300
5496715,300
185457,300
77022,301
131704188,301
5287586,301
101543,302
5287795,302
5312125,302
446113,303
5326713,303
448024,303
131704220,303
79143,303
5494443,303
64689,304
446167,304
529,304
16958,304
448110,304
95054,304
448718,305
440473,305
104406,305
447450,305
131153,305
446811,305
445951,305
3364665,305
24014,305
6323266,305
448668,306
449157,306
936,306
446127,306
9821178,306
3083544,307
444503,307
5311070,307
67678,308
145815,308
8076,308
445079,308
9291,308
6914273,309
17753880,309
72054,309
62886,310
123610,310
51601240,310
61520,311
723,312
11915,312
446561,312
1894,312
445439,312
46936967,312
124969,312
3793,312
441332,313
16666,313
123606,313
2019,313
68613,314
4811,315
5560,315
447832,315
65679,316
4513,316
5757,316
5152,316
16681432,316
998,316
137936,316
71113,316
25111933,316
3015,316
3962,316
11494891,317
29435,317
3540,317
42647299,318
5936,318
122195,318
16750073,319
242332,319
983,319
445160,319
445481,319
16122567,320
4099,320
54677470,320
5482,320
51683,320
10442,320
446876,320
54706138,320
46937033,320
123979,320
5214,320
4708,321
4471188,321
23653508,321
11545694,321
445460,321
444797,321
25058141,321
5326869,321
324690,322
5403,322
5287792,322
445027,322
448943,322
445455,323
1613,323
6443013,323
11840911,323
47953,324
119339,325
11840966,325
439691,326
71616,326
17753851,326
449088,326
612,326
5610,326
27304,326
448976,327
4369343,327
7452,327
441046,327
4369234,327
444461,327
447607,327
97536,328
657027,328
69702,328
449021,328
163626,328
127702,328
33037,329
6862,329
1031,329
869249,329
42613186,329
123351,330
6140,330
5288394,330
188960,330
17753924,330
441480,330
23644529,330
7595,330
1829,331
5289348,331
5139,331
5005498,331
92536013,331
1941,332
5289560,332
4488,332
3325225,332
448657,333
51351657,333
637540,334
54678486,335
4991,335
10240,335
3736,335
4409,336
54766,336
60814,336
4121,337
44229079,337
44585557,338
6852206,339
2823014,340
5330608,340
656936,340
6857692,340
5353307,340
1712095,340
11572962,340
46937132,340
20284644,340
44599207,340
5288988,341
9270,342
11626560,342
160565,342
4163,342
11979316,342
11593706,343
11160307,343
5282452,343
5143,343
9924495,344
216210,345
73303,345
44129627,345
4834,346
2717,346
46937065,346
56649692,347
194762,347
25151504,347
25154714,348
439176,348
448652,348
3080766,348
11499245,349
447715,349
11427975,349
70164,350
104850,350
42647297,351
154417,351
19989057,351
44129631,352
6323526,352
3256859,353
4358,353
11840913,353
11207678,353
449245,353
46937138,354
10250490,355
6857690,355
24901696,356
2526,356
448923,356
448166,356
24764436,356
465669,356
22049997,356
5459319,356
3220,357
13023332,358
46937056,358
11963557,358
24752838,359
71329,359
5288561,359
16058639,360
46937157,360
20843156,361
46937041,361
5327096,361
24466,362
65124,362
195347,362
644066,363
448748,363
64727,364
657119,364
101616,364
46937072,364
8761,365
46936479,366
1050,366
6581,367
656912,367
447722,367
7077,367
165230,368
11579,369
8982,369
2405,369
2337,369
60789,369
448062,370
441290,370
447147,370
19233,370
9863447,370
33255,371
3423265,372
4919,372
5359,372
16133751,372
2765,372
4747,372
82146,373
1536,374
65302,374
9547943,375
2763788,375
5381226,375
667466,375
9867609,375
24866443,375
447278,375
3000663,375
46937134,375
6436219,376
3339,376
24178120,376
10482134,376
448533,377
446157,377
5287467,378
164908,378
46937037,378
44143696,378
24892823,378
46937049,378
54727972,378
5287845,378
24779676,378
5288113,379
6102777,379
10138993,379
16133778,380
9600418,380
5288709,380
86418,380
5353303,381
15113,381
131704235,381
5326671,381
5991,382
8275,382
6957673,382
3292,382
11742,382
1065,382
446284,382
5288712,382
114753,383
6324659,383
2249,383
5284585,383
73342,383
3198,383
10071196,383
129806,383
64642,383
11235728,384
449244,384
24987688,384
9818231,384
6453361,385
641237,385
5287565,385
815,386
25077405,386
271,387
41867,387
448505,387
18432427,387
11282283,388
6714002,388
204109,388
91469,389
16684434,390
2216,390
11313622,390
5282322,391
4695,391
52421,391
6597,392
867,392
1432578,393
5327073,393
4139,393
449487,394
125132,394
49866861,394
5287794,394
79541,394
5328969,394
4462,394
46937174,394
91514,395
3657,395
4162,395
6918296,395
2734707,395
25113127,395
5282031,395
3342298,396
3387240,396
449087,396
478379,396
5289162,397
4044,397
4631605,397
2608,397
446578,397
9543426,397
10601417,397
8179,398
1121782,398
16043,398
11522441,398
54726192,398
11669698,399
131704228,399
657106,399
24864821,399
16122585,399
76313,400
11326613,400
6420120,401
17753879,401
5288980,401
4149241,401
6420119,401
16040281,402
439398,402
24941249,402
4369425,402
5288544,402
15942661,402
446980,402
17754171,402
891831,403
44263483,404
448014,404
9811834,404
6995013,405
6852193,406
1289593,407
16058668,407
24768547,408
25220914,408
19826721,408
447950,408
24941243,408
25113617,409
6102685,409
2361,410
54892,410
5282219,411
5287824,412
3715,412
97577,412
3269,412
5326967,413
2162,413
444766,413
656986,413
16750083,413
16757,414
287180,414
11963546,414
5288371,415
446854,415
125414,415
743,416
2170,416
445675,417
777,417
20194,417
1535935,417
54671008,417
17749728,417
45480634,417
6451,417
444863,418
5289529,419
5289091,419
163884,419
5287756,419
4362,420
5282253,421
5957,421
446807,421
6369390,421
5281855,421
9812414,421
46936447,422
3784,422
444348,422
9860102,422
44563,422
27686,422
66535,423
64993,423
3086686,423
165339,424
54670067,424
129148,424
448503,424
448769,424
443600,424
5483,424
5413,424
7012,424
446399,425
2218,426
38945,427
10413,427
3333,428
622262,428
447362,428
24759,428
3085017,429
11597571,429
54680675,430
36523,430
51263,430
65981,430
123421,430
4274,430
5362436,430
5280453,431
34755,432
447976,432
5488645,432
6804,432
9548602,433
441278,433
3314,433
3742,433
2482,433
202225,433
1071,433
60936,433
25058137,434
4768,434
5288320,435
15391,435
5280934,436
5329098,436
6328526,437
107970,437
171558,438
11156438,438
4739,439
6446,439
2294,439
11493841,439
2085,440
4697633,440
698,441
16741116,441
5756,441
5310985,441
446309,441
22502,441
27991,441
5327091,441
9931954,442
48041,442
3759,442
3125,442
4639,442
9810131,442
5606,443
67683363,444
4058,444
44668,445
9854489,446
17754119,446
10247560,447
49867432,447
444640,447
5288588,447
24894155,447
16058629,447
3032732,448
11705956,448
9819610,448
10303,448
46937131,449
449462,449
165331,449
9547939,449
3038525,449
9925908,449
46937111,450
3870203,450
450268,450
10302451,450
5288573,451
11957394,451
125889,451
50599,451
445015,452
11149479,452
25023709,452
444849,453
4112111,454
4369434,454
6880,454
46937076,455
16750123,455
24836815,456
24963035,456
10450114,456
6420118,456
42615254,456
24764440,456
10038928,457
23653500,457
22021390,457
46937032,458
17754079,458
25174101,458
447573,458
4775,459
54707177,459
2995,459
6010,460
2540,460
64715,460
27854,460
12894,460
3503,460
208898,461
446245,462
445383,462
447360,462
70914,463
5179950,463
446488,464
5487,464
3050,464
5884,464
12473,464
132999,464
90624,465
125564,465
176,466
1123,466
9543425,466
68942,466
4849,467
445966,468
6369389,469
763,470
60700,470
42608445,470
11776755,471
71301,471
5327,472
54676537,473
5310966,474
60164,474
5983,474
441243,475
2451,475
28620,476
123831,476
4097,477
4632,477
131704193,477
3278,478
3042,479
9543521,479
5526,480
54675776,480
4506,480
60695,480
22644374,481
23722943,482
5287461,482
11069133,482
25195347,482
9863791,482
11511120,482
5287837,483
5478860,483
5353288,483
446965,484
53627505,484
449597,484
54727980,484
24851689,484
25126798,484
11995761,485
9861547,485
6435808,486
25134248,486
122316,486
4474585,486
5849540,487
445614,487
6436173,488
15387,488
5493381,489
5311167,489
156391,489
193962,489
130881,490
54808,491
5281040,491
1453694,491
446129,491
5666,491
60830,491
4782,492
5994,492
4748,492
3730,492
1028,492
5005,492
53387035,493
3467,493
5503,493
3310,493
5411,494
292661,494
448582,494
3336,495
10324367,496
6914644,496
24883486,496
9870652,496
25078139,496
3777900,497
7248,497
25155578,498
46937075,498
19844,499
9817550,500
7970,500
5287846,500
54676715,500
1952,500
7264,500
40428878,500
54736485,501
5327153,502
74190,502
311,502
6918509,502
736186,502
10163178,502
445987,503
119828,504
4470566,504
6458152,504
16750071,504
44141871,505
91610,505
656917,505
115348,506
4797,506
5287979,506
5795340,506
46937097,506
10361208,506
10172943,507
11683,507
449209,507
12412578,507
16122635,508
4474777,509
24768549,509
5192,510
5287866,510
448326,510
49867154,510
445824,511
220010,511
9797919,512
44129621,512
180621,512
7060565,512
44144383,512
5330197,513
25011731,513
10339710,514
446724,514
4369285,514
6852141,514
638024,514
18794,515
3537,515
444883,515
446725,515
446758,515
444773,515
6419228,515
12302745,516
25246329,517
11245700,518
110635,518
5280335,518
448003,518
2449,518
84894,518
25113614,519
54677946,520
26042,520
440936,520
55285,521
1195,522
5287492,523
444237,523
447368,523
15433,523
5305969,523
9952008,523
439650,524
446720,525
31275,525
5497045,526
23994,526
444456,526
54689025,526
5289024,527
3081361,527
449588,528
444260,529
7504,529
8617,529
3036505,529
5288869,529
6399008,529
443231,530
161647,531
445093,532
444756,532
5326566,532
24856357,532
5478838,533
7419,534
17754112,534
12717,534
4470790,534
92105,534
689043,535
5287720,536
131624,537
3779,538
121938,538
10113978,538
65013,538
199,538
17756771,539
25419,540
3562,540
12555,540
3052,541
445720,541
17753844,541
447834,541
642409,541
6914613,541
445950,541
150610,542
11404337,543
22834577,543
3003141,544
5850,544
16045340,545
6323420,546
4635864,546
10042950,546
11235729,547
5289418,547
46936282,548
445580,549
24754814,549
3581192,549
23644580,549
6323362,549
5273394,549
5479530,550
2165,550
2949,550
4473,550
5281078,550
3284,551
3059,551
121945,551
2311,551
5184,551
6435415,551
105153,552
11228026,553
216258,554
60860,554
42611257,554
11597697,554
104758,555
387447,555
2559,555
123634,555
10660,556
60663,556
71349,556
23672064,556
5462501,556
13136,556
2550,557
446596,557
54675783,557
1134,558
2284,558
9294,558
61996,558
5826,558
15759,558
59708,559
4178,559
29089,559
23649245,560
12597,561
447546,561
24450,561
516900,561
3830,561
23668479,561
6224,562
25295,563
448138,564
5289324,565
131704302,565
5327066,566
4369443,567
448969,567
445463,567
5287610,567
193512,567
9543472,567
25190761,568
6420159,568
11507920,569
5326870,569
15942658,570
449625,570
6540268,570
10342449,570
15942657,570
11485425,571
5281614,571
25210493,572
60857,572
25210478,572
5119267,572
10831270,572
6323250,573
5326978,573
736027,574
6883,574
16741245,574
16122554,574
776315,575
834826,575
6852128,575
17758920,576
10017976,577
9820034,577
10397869,578
23665772,578
5288653,578
46937062,579
10180201,580
445501,580
24963047,581
444746,581
25113125,582
3699841,583
5289469,583
54685311,583
24808495,584
60206636,584
15991547,584
6623,585
6102708,585
25210273,586
104838,586
736104,586
5287452,586
11395145,586
9552079,586
15897928,587
23629654,588
17754207,588
25074470,589
168213,590
5287547,590
17753791,590
3893,590
5288442,590
1836,590
154101,591
4913,591
5508,591
6918248,592
21867154,592
54454,592
398148,592
657077,593
285553,593
11575,593
3991,593
448875,593
24360,594
499953,595
447721,595
5289339,596
4469987,597
1433,597
6917655,597
92153,597
4754,597
167842,598
8747,599
697959,599
205225,599
17753950,600
8420,600
86,601
447315,601
5288557,601
446719,601
158758,602
17754203,602
122623,603
44129608,603
448573,604
12620,604
5687,604
60496,604
444320,605
57449,606
9578005,606
131704226,607
447958,608
2084,609
5288230,610
64968,610
248,610
5238,610
446275,611
53359,611
53001,611
449500,612
2478,612
880,612
462919,612
7933,613
8917,613
82315,613
10517,614
19910,614
11319053,614
4413,614
10224181,614
4212,615
2131,616
5496659,616
6253,617
78058,617
24748051,617
5202,617
4062,618
446716,618
312145,618
36811,619
25137844,619
938,619
4086,620
43815,620
4940,620
5284447,620
5073,621
5396,621
47471,621
5351166,621
2767,622
16960,623
5362124,623
2806,623
5284570,624
6101,624
5641,624
11270500,624
5284627,625
447043,626
3033818,626
2792,626
5280363,627
5284550,628
75243795,628
8163,628
9554696,628
44237094,629
5403336,630
5460413,630
11840955,630
14086997,630
9929643,631
5726921,632
440053,632
24180721,632
1561,632
9600412,633
6102788,633
46937050,633
24741806,634
5001396,634
11234049,634
9576916,634
23724530,634
24832022,635
22128,636
131704225,636
6018,636
10275777,636
131704183,636
15978579,637
6918366,637
445629,638
122197,638
6291,638
444475,638
443388,639
9864,640
5282415,641
2756,641
161580,642
44564107,643
9831783,643
11254352,644
4568,644
9912092,645
30668,645
4196,645
6398970,646
4614,646
157688,646
77998,647
61475,648
24812758,648
60787,649
60612,650
5718,651
16678941,651
5516,652
52195,652
9811704,652
16136245,652
3399,653
72281,653
3532,653
131535,653
24783652,653
3267,654
3356,654
16886,654
54758501,655
72402,656
9865515,657
165390,657
1881,657
5457,658
9865442,658
119032,658
3086401,659
448974,659
134780,660
98614,661
399618,661
2740174,661
11809364,661
10389239,661
5492457,662
11460087,663
3677,663
17753915,663
4369141,664
6323527,665
123920,666
446761,666
5289377,666
9822610,667
24883488,668
42627562,668
1783,668
18690028,669
1707,669
15942677,670
5278689,670
501640,670
3161908,671
9994066,672
5326871,673
644019,673
6603901,674
46937124,674
5413034,675
24178109,676
25021186,677
3506204,677
46937104,678
3776,678
11,678
24798721,679
3035016,679
44129601,679
736259,680
447537,680
11500493,680
24941253,680
11987846,680
11992146,681
24768527,681
67532,682
6857711,683
5282230,684
24812719,685
735838,685
46937067,685
1757,686
16070039,687
6914612,687
4369084,688
449186,688
446966,688
46937140,688
5289417,688
25011728,689
9547958,690
15991559,690
11213558,691
5494385,691
6610318,691
23647358,691
16221501,692
6852154,692
25113172,692
11711595,693
187,693
11304895,693
447734,693
3000493,693
25023705,694
24180714,695
71733,696
131704299,696
107778,697
60813,698
6227,698
65833,699
2350,700
208902,700
25113171,700
4786,700
5326927,701
233240,701
24832027,701
3890,701
10267,702
447153,703
165491,703
227,704
10130120,704
448819,705
3062316,705
5288878,705
131704263,706
5287617,707
44,708
4177750,708
69020,709
447523,710
84029,710
445825,710
444727,710
5289258,711
7057884,711
52949062,711
449517,712
5430,712
2723698,713
445989,713
22298966,714
5327045,714
2797541,714
46937164,714
446905,715
7997,715
448008,715
439968,715
131704212,715
5289510,716
6386,716
441443,717
439278,717
83242,717
439196,717
65628,717
5288784,718
11840979,718
444235,719
448088,720
23327,721
5287882,721
446637,721
97535,722
77982,722
3080775,722
4369429,722
6914625,722
5289076,723
4369103,723
5287692,723
448124,724
123966,725
65309,725
17753890,726
97032,726
854023,726
439178,727
67427,728
447098,728
447732,729
9996708,730
107526,731
1005,732
444635,733
2334,734
10518,735
3948,736
60726,737
6172,737
3337,737
8223,737
2119,738
12035,738
3780,738
441130,739
36273,739
17358,739
13791,739
56801,739
54686904,740
3005573,741
39186,741
4078,741
2764,742
8226,743
3114,744
28517,744
2369,745
11333,745
159594,745
23652731,745
483407,745
56928011,746
6437075,746
23644575,747
94286438,748
25138280,749
241868,749
46870043,750
42627769,750
5327095,750
4636204,751
24393,751
1117937,751
11967789,751
46937116,752
5329103,752
45268539,752
3000505,753
23636976,754
24875320,754
10095865,755
44629555,755
25138278,755
5327103,756
46937038,757
4494,758
3033825,758
11954293,759
444266,760
1290,761
448904,762
448327,762
68271,763
165138,764
445732,765
5288209,765
1549008,766
5388962,766
5038,766
60773,766
3033637,767
15232,767
16686079,768
9810246,769
2662,769
4456,769
104727,770
132706,770
3608,770
861,770
5832,771
92108,771
15953860,771
11125,771
159247,772
151165,773
2197,773
3261,773
3340,773
128549,774
3899,774
110634,775
126941,775
60947,775
5311454,775
83513,776
16682987,776
232,776
83030,776
12453,777
3016,777
10836,777
4942,777
5076,778
3385,778
681,778
5161,778
4666,779
4585,780
19649,780
3777,781
5584,781
2800,781
2370,781
3066,782
13314,783
18104,783
23954,784
11526696,785
50905713,786
2750,787
4011,787
6440180,787
3055168,788
9826451,789
10403821,789
11304743,790
6857727,791
8969,791
6914648,792
447012,792
11840988,792
11840989,792
397,793
4369451,794
25021183,794
446366,795
5289374,796
6323185,796
979,796
16058682,797
441161,798
192197,798
5288721,799
6119,799
25229552,800
6914609,800
42627755,800
16122526,800
46937126,801
448295,801
123982,802
448167,803
46937102,804
12195517,804
4788,805
24894151,805
23644582,805
5288193,806
149790,807
23728517,807
10067695,808
5288596,808
6323454,808
447446,808
11840934,809
24178119,810
284,810
12598931,810
6852125,811
9543494,811
449582,811
5287703,812
13472,813
24880024,814
10411846,814
11473003,814
448890,814
24883477,815
6102684,816
15295578,817
11710963,817
1116191,818
5330812,818
676157,819
11840906,820
5335,821
9808998,822
3081362,822
197281,822
10221335,822
6445540,823
2783,823
38409,824
5326926,825
5327077,825
5326924,825
5326925,825
439356,826
193613,827
44176356,827
49866644,828
5326813,828
18807,829
5289086,830
1507,830
4437,830
129856752,831
448660,832
444485,832
6852147,832
2429,833
17753867,833
6133,834
444552,835
449169,836
104625,837
10198228,837
13611,838
9085,838
71306834,838
446134,839
446903,839
448577,840
82068,841
4368,841
439236,841
131704255,842
26721,842
443408,842
444508,843
657004,844
444698,845
5289084,846
6215,846
72385,846
64987,846
131704232,847
447358,848
3922,848
1521,848
160,848
448605,849
445754,850
447781,851
131704267,851
444451,852
49866494,852
3034048,852
5988,853
14677,853
92400,853
657028,854
2120,854
440141,854
5288814,855
6914633,855
5288041,856
131704211,856
17753973,856
656932,856
9084,857
12544,858
91493,859
447392,859
158376,859
8060,860
17754023,861
15227560,861
5280863,862
4594,862
5288374,862
5359271,863
9051,863
5287523,863
235905,864
4091,864
3180,864
5281042,864
32778,865
5280427,866
60464,867
2749,868
53232,868
5530,868
3823,868
4829,869
60878,869
74989,870
2142,870
3034010,871
3478,872
5284607,873
71384,873
3052778,873
119171,873
4440,874
77996,874
91270,875
2776332,875
5452,876
439693,877
2907,878
3763,878
3397,879
5496,879
5284603,880
68827,880
6234,881
3373,881
347402,881
104778,881
5284632,882
34359,883
5862,884
6323481,885
16129681,886
3033769,886
4479097,886
70678896,887
16213095,887
46937177,888
24768528,888
5312830,888
1235170,889
23647657,889
16049839,889
5494446,890
131704276,890
115224,890
443833,891
5312137,892
11840933,892
4447,893
24880018,894
5288257,894
7020128,894
25210531,895
5288082,895
23643565,896
5287855,897
9933197,897
131704304,897
24180717,898
11290116,899
11840904,900
146570,900
11987868,900
6102526,901
5327104,902
4369414,902
1673,903
121959,904
6323220,904
5311365,905
24748050,905
657087,906
444708,907
5281672,907
76957149,908
5742673,909
4630253,909
9831761,909
5481173,910
3417,910
62924,910
657308,911
6917715,912
44564,912
11722286,912
11531537,913
4032,913
158786,913
6918670,914
2905,914
21109,914
6433101,915
9831652,915
6433082,916
3825,916
216416,916
656628,917
11434515,917
148121,918
16197727,918
6102763,918
134018,919
31264,919
39507,919
123809,920
43708,920
119830,921
5289179,921
42609673,921
55331,922
6918026,922
10274777,922
32800,923
2708,923
6041,923
23703,924
16124688,924
65856,924
5726,925
8975,925
23978,925
5512,926
7741,926
84815,926
4623,927
4599,928
5591,928
447701,928
4051,929
5360373,929
5426,929
3494,930
4033,930
89683805,931
5939,932
68682,932
66249,933
124653,934
23925,934
11978813,934
50248,935
60021,935
49803313,936
189821,937
5289105,937
93147,938
24424,939
115163,939
4830,940
6433090,941
16750040,941
6438378,942
441300,942
91663255,943
24856,944
10220503,945
94280,946
3374,947
4174,947
4764,947
54726191,948
73425383,949
44602,949
16220172,950
213046,951
5502,952
9994897,953
31703,953
443118,953
25102845,954
1498,955
24778468,955
444705,956
4369380,957
24836810,958
9824580,959
23586154,960
10320144,961
5327076,962
23640750,963
657105,964
5576,964
150889,965
16040257,966
13195,966
445375,966
23586165,967
795,967
11675645,968
10713671,968
1190625,969
11987832,969
446501,970
11120251,971
1548972,971
16758226,971
447653,972
444107,972
9549264,972
447154,973
11840970,973
448043,974
448979,975
1503946,975
46937100,975
448724,976
448727,976
181137,977
447297,978
16750059,979
5280795,979
178518,979
68463,980
445650,980
9547919,981
695906,982
24894158,982
2799606,982
6420129,983
10062713,984
2255489,984
4369593,985
448793,985
831616,986
39042,986
92745,987
11616886,988
24178121,989
11393519,990
5287737,991
16122556,992
4189,992
44129642,992
11149707,993
1948,993
4369082,993
4290313,994
763808,994
5287652,995
19190,995
22747857,996
16058630,996
44129623,997
10450624,997
6857699,997
16129579,998
44129624,999
1415427,1000
961704,1001
23653514,1002
6914659,1003
11167118,1004
5327160,1005
448123,1006
5287432,1006
6852167,1007
125017,1008
5833,1008
3386,1008
1727,1009
11840981,1009
3000926,1010
9880,1011
261004,1011
5311399,1012
5761,1013
5361,1014
25945,1015
5289110,1016
4369477,1016
5289109,1016
5288990,1017
5288154,1017
5326972,1018
286,1018
5287728,1019
545,1020
6675,1021
128600,1021
131704191,1021
123871,1022
21124461,1022
447027,1023
5287902,1024
5288783,1024
160139,1024
5288635,1025
449534,1026
5287447,1027
6398483,1028
5288395,1029
636405,1029
955,1029
656968,1030
4034,1030
446308,1030
101544,1031
447562,1031
443210,1032
5284549,1032
4912,1032
1933,1033
444865,1034
1045,1034
445008,1034
446317,1035
17754002,1036
151243,1037
1954,1037
6914666,1037
126690,1038
6093202,1039
93072,1039
447970,1040
76635,1041
447478,1042
5288483,1042
1746,1043
447249,1043
446273,1044
5288237,1045
98487,1046
3378216,1047
445480,1047
126569,1048
5288385,1048
447864,1049
5287408,1050
656967,1050
9801,1050
4324,1051
117765,1052
5288102,1052
449129,1053
445245,1053
6971307,1054
30819,1054
1950,1055
446306,1056
192579,1057
446506,1058
445382,1059
11987779,1060
445132,1060
445990,1061
193758,1062
4471892,1063
5287850,1063
3022,1063
535,1064
5111,1065
27934,1066
444700,1067
5289508,1067
16122553,1067
4347,1068
3000540,1069
9547984,1069
9853053,1069
6918462,1070
57363,1071
34869,1071
36339,1071
68844,1072
3350,1072
8550,1073
4911,1074
8944,1075
6915835,1075
5311304,1076
37542,1077
445564,1077
60852,1078
2345,1079
20299,1080
445856,1080
10200651,1080
2712,1081
2140,1082
2405215,1082
54671203,1083
5312804,1083
64143,1084
14985,1085
5283731,1085
49843517,1086
25166913,1087
5280878,1088
13559279,1088
11967809,1089
6852391,1090
16759,1090
53234134,1091
9926791,1092
213023,1092
46937176,1093
5289192,1093
24741808,1094
131704308,1095
16122594,1096
6420152,1096
5326800,1097
24755471,1098
24755470,1098
9944398,1099
45070,1100
446623,1100
439551,1101
2822496,1102
16475583,1102
45480632,1103
5327057,1104
11188898,1105
11651760,1106
17749729,1107
16122643,1108
444764,1108
24894130,1109
24851688,1110
5326827,1110
656952,1111
25023710,1112
131704309,1112
656953,1113
6918606,1114
444499,1115
154256,1115
6440717,1116
3419,1116
4644,1117
72231,1118
131704277,1119
17754017,1119
5287991,1120
23576,1120
446592,1121
1003,1121
151434,1122
448488,1122
5280883,1123
65482,1123
656948,1124
131704246,1124
131704257,1125
5599,1125
9584748,1126
5326669,1127
643684,1128
11957380,1128
6802,1129
444825,1130
46936391,1131
764,1132
218,1133
76008,1133
5311181,1134
3914,1134
5311071,1135
5487068,1135
70788951,1136
5361917,1136
5282379,1137
6331630,1137
5280360,1138
60864,1138
5281037,1139
5284616,1139
5281881,1140
60867,1140
5361323,1141
5273759,1141
6323490,1142
3199,1142
46936176,1143
5300,1143
6509979,1144
2269,1144
2368,1145
4609,1145
44152182,1146
6918140,1146
24848161,1147
23669229,1148
517044,1149
441086,1150
60657,1150
92725,1151
104849,1151
24762228,1152
24877,1152
9940864,1153
10235,1153
6452749,1154
14789,1154
6323497,1155
5359268,1155
5353980,1156
1091,1156
3086257,1157
53276,1157
3006171,1158
197712,1159
168625,1160
115237,1160
160352,1161
54675785,1161
156326,1162
132804,1163
121749,1164
71360,1164
102399,1165
54680692,1165
84003,1166
59768,1166
57166,1167
3671,1167
39860,1168
3792,1168
23926,1169
6326970,1169
22258,1170
118987133,1170
5727,1171
3121,1171
5454,1172
4595,1172
5195,1173
237,1173
4923,1174
24414,1174
4920,1175
446676,1175
4865,1176
77999,1176
4812,1177
3219,1177
4240,1178
16078,1178
3510,1179
68740,1179
3414,1180
2762,1180
3405,1181
2751,1182
9677,1182
2676,1183
89594,1183
2675,1184
2315,1184
1206,1185
937,1186
9853654,1186
923,1187
10909430,1187
312,1188
5333,1188
54676539,1189
25210,1189
9889200,1190
16741,1191
4021,1192
5326976,1192
11671467,1193
12082259,1194
37393,1194
9898619,1195
133017,1196
16076883,1197
5288724,1197
23976,1198
5910,1198
108000,1199
5386,1200
5282138,1201
11289,1201
610479,1202
4060,1202
9835049,1203
11281011,1204
16158208,1205
82153,1205
443874,1206
11833,1207
16220131,1208
3000477,1209
6102758,1209
853608,1210
1150,1211
5327130,1211
27200,1212
5564,1213
440294,1213
705712,1214
11524144,1214
4369452,1215
24764443,1216
647833,1217
5289373,1218
5289290,1218
445646,1219
9547923,1219
46937155,1220
185914,1221
6419766,1222
13450,1222
151506,1223
6540277,1223
24180585,1224
9912519,1225
5288636,1225
9804302,1226
46937145,1227
449096,1227
11370952,1228
25271557,1229
6852201,1230
6710104,1231
447649,1232
2726820,1233
5287508,1233
5288720,1234
447583,1234
24883481,1235
9543517,1236
11840927,1236
46937120,1237
11660035,1238
124992,1238
5288581,1239
445494,1240
439940,1241
4395717,1242
5496779,1242
15602983,1243
16122633,1243
3457,1244
11708451,1245
12087505,1245
10089048,1246
11987874,1247
10680,1248
1708,1248
256737,1249
5288116,1249
11197931,1250
69150,1251
5289517,1251
24798742,1252
5289072,1252
5287976,1253
16214776,1254
445957,1255
232446,1256
9543498,1257
444703,1258
11957417,1258
45273683,1259
446443,1259
44631903,1260
444238,1261
5280443,1262
4661,1263
23658582,1263
1069140,1264
17756743,1265
11701820,1266
443115,1266
11561383,1267
5275422,1267
16043304,1268
6852140,1269
1283969,1270
24832041,1271
24963037,1272
25271577,1273
756618,1274
10041129,1275
486953,1276
25138295,1277
49866474,1278
446912,1278
16122570,1279
657025,1279
447400,1280
25134265,1281
11143173,1282
54690031,1283
68911,1284
9837656,1284
154234,1285
40632,1285
148195,1286
131704224,1286
9690109,1287
6918493,1288
60490,1288
16222096,1289
8778,1289
522325,1290
3348,1290
5289514,1291
5326977,1292
5494425,1292
5326911,1293
5753,1294
657237,1294
5326887,1295
49866368,1296
446324,1297
9651,1297
448581,1298
439744,1298
440995,1299
321,1300
446090,1301
449123,1302
115244,1303
10918,1303
445063,1304
66827,1304
445305,1305
5289553,1306
5288651,1307
448055,1308
5287684,1309
174251,1310
9957008,1311
445319,1312
5288685,1313
92269,1313
12587,1314
444189,1315
91532,1316
5287869,1316
971,1317
657024,1318
5496700,1318
5289228,1319
243,1320
68238,1320
445282,1321
4286,1322
159961,1323
5287717,1324
445506,1325
2513,1325
62347,1326
49867129,1327
17754111,1327
168120,1328
5360696,1328
996,1329
15993,1330
448108,1331
445085,1332
448171,1333
446696,1334
71080,1334
65533,1335
445062,1335
446871,1336
6915836,1337
7478,1338
448803,1339
5460316,1340
656910,1340
20479,1341
3241,1341
448513,1342
17754161,1342
444617,1343
657149,1344
15906,1345
448209,1346
444789,1347
1549098,1347
449225,1348
5289106,1349
1054,1349
445052,1350
445248,1351
448836,1352
3073,1353
448651,1354
5288599,1355
101798,1356
165879,1357
6858240,1358
446821,1358
131704180,1359
448580,1360
71158,1360
5311507,1361
5920,1361
26035,1362
10026,1363
4890,1364
5462328,1365
3037032,1365
5282181,1366
2733,1366
441080,1367
5460341,1368
446598,1369
3342,1369
32681,1370
3415,1370
2431,1371
3878,1371
4612,1372
460612,1373
8249,1373
656511,1374
2130,1375
5281104,1375
441074,1376
33572,1377
137,1378
1676,1379
441350,1380
3308,1381
443387,1382
5865,1383
5362417,1384
2092,1384
4760,1385
3826,1386
21700,1387
4205,1387
6433164,1388
54710214,1389
5476587,1390
62662,1391
5281051,1392
58460047,1393
25025298,1394
44819241,1395
22524140,1396
149436,1397
5282430,1398
444412,1399
5281070,1400
5281915,1401
68861,1402
11582002,1403
5280346,1404
131704313,1405
23646577,1406
6102762,1407
5289428,1408
23647311,1409
7297549,1410
44602427,1411
23655000,1412
2856,1413
54699009,1414
10150081,1415
6288148,1416
5326798,1417
54727975,1418
15143646,1419
5327092,1420
10039403,1421
46937117,1422
5327123,1423
25218427,1424
5357439,1425
448725,1426
131704306,1427
24894167,1428
5326799,1429
25113137,1430
11509180,1431
11840917,1432
17755582,1433
6102686,1434
16001653,1435
16115004,1436
16058617,1437
11357504,1438
44144380,1439
9796161,1440
23627203,1441
16129574,1442
9797857,1443
5326979,1444
5326826,1445
21363450,1446
14205264,1447
10400412,1448
6102691,1449
6436223,1450
44591583,1451
16739648,1452
9805430,1453
5289547,1454
9614919,1455
9576912,1456
46937020,1457
52946592,1458
4369034,1459
4369143,1460
5326542,1461
65074,1462
119055,1463
6021,1464
188347,1465
446221,1466
5289310,1467
449035,1468
447227,1469
71306319,1470
73896915,1471
5388925,1472
448667,1473
446357,1474
10869340,1475
447532,1476
5326514,1477
9578243,1478
444148,1479
1549107,1480
10396076,1481
131704176,1482
23644144,1483
3033621,1484
6533629,1485
446541,1486
55245,1487
70678542,1488
445354,1489
9577580,1490
9548591,1491
163158,1492
132970,1493
70695640,1494
70683024,1495
53477714,1496
9825285,1497
6918430,1498
6850791,1499
5488547,1500
5487301,1501
5328940,1502
160036,1503
135113,1504
83606,1505
78032,1506
65370,1507
60706,1508
60184,1509
54313,1510
47419,1511
30623,1512
28332,1513
27993,1514
24841,1515
24748,1516
23993,1517
23957,1518
21800,1519
12559,1520
6436,1521
5376,1522
4607,1523
3938,1524
3512,1525
2182,1526
2177,1527
2163,1528
951,1529
942,1530
738,1531
303,1532
214,1533
64929,1534
16760467,1535
66377,1536
71511839,1537
5074,1538
4621,1539
946,1540
4850,1541
54697325,1542
6918331,1543
16063245,1544
72301,1545
56649450,1546
71300933,1547
5284529,1548
516893,1549
784,1550
5054,1551
14917,1552
25183872,1553
5456,1554
785,1555
517045,1556
6806,1557
5241,1558
71496458,1559
16760302,1560
208910,1561
7172,1562
11431716,1563
3743,1564
598,1565
11954369,1566
5310993,1567
11625818,1568
489181,1569
5493444,1570
2442,1571
2446,1572
2309,1573
2710,1574
44462760,1575
637568,1576
5810,1577
68867,1578
2475,1579
169682,1580
1484819,1581
739358,1582
15118984,1583
448042,1584
24894149,1585
44574544,1586
446346,1587
11117974,1588
25203955,1589
23653532,1590
1385,1591
9547998,1592
5327097,1593
11840992,1594
17758816,1595
24941262,1596
6420130,1597
46937169,1598
6604229,1599
5280911,1600
446515,1601
119202,1602
5289460,1603
46937163,1604
3000323,1605
6852124,1606
446853,1607
6852189,1608
1548968,1609
5289330,1610
5289329,1611
5171,1612
24871491,1613
295941,1614
46937156,1615
2730282,1616
425841,1617
5289293,1618
5894,1619
564920,1620
10019998,1621
46937149,1622
446757,1623
15991588,1624
11581936,1625
11516136,1626
115069,1627
24755476,1628
24963046,1629
24916788,1630
5289085,1631
5356,1632
25271555,1633
25271554,1634
4122,1635
3256857,1636
503536,1637
159866,1638
23400214,1639
588963,1640
1504717,1641
4369567,1642
5288850,1643
23722944,1644
448781,1645
15876,1646
11544170,1647
46937130,1648
5288795,1649
9954980,1650
96876,1651
46937128,1652
11483970,1653
3082654,1654
691952,1655
46937122,1656
4369325,1657
127293,1658
449127,1659
449126,1660
24801863,1661
5459374,1662
4369080,1663
16741228,1664
5288602,1665
4634717,1666
3758,1667
6914579,1668
4369424,1669
154048,1670
446476,1671
5288514,1672
6914564,1673
9600414,1674
644213,1675
11175137,1676
46937099,1677
21078798,1678
16040279,1679
1933963,1680
16040261,1681
445713,1682
445953,1683
5327155,1684
6419789,1685
25210479,1686
447458,1687
4630702,1688
2971,1689
23653533,1690
5288018,1691
16726072,1692
5288017,1693
5288016,1694
46937083,1695
46937082,1696
5287955,1697
9882812,1698
656913,1699
446805,1700
44176354,1701
448642,1702
5287739,1703
9824562,1704
255,1705
12000133,1706
46937069,1707
444224,1708
25174099,1709
2256,1710
1792,1711
5287637,1712
46937064,1713
44073,1714
13373715,1715
346926,1716
16220130,1717
16129580,1718
11960529,1719
9547909,1720
11304412,1721
6793,1722
11553058,1723
4566,1724
4073054,1725
6102690,1726
22692237,1727
23661697,1728
11538992,1729
23645698,1730
157839,1731
6540273,1732
46937045,1733
10156987,1734
24752844,1735
11740318,1736
10364585,1737
24941263,1738
24180720,1739
11560856,1740
21066379,1741
6914626,1742
16122596,1743
16750106,1744
15991573,1745
16115747,1746
46937034,1747
17975425,1748
21081761,1749
10915062,1750
46937030,1751
44141860,1752
131704300,1753
736234,1754
5318,1755
16089915,1756
25517,1757
19371515,1758
247,1759
6450546,1760
71771,1761
4436,1762
73049652,1763
6918558,1764
6450551,1765
10182969,1766
9829523,1767
457928,1768
208901,1769
104826,1770
5488548,1771
9930049,1772
6918456,1773
153997,1774
11954380,1775
5310967,1776
11561674,1777
56927674,1778
9837243,1779
9803963,1780
2146,1781
807,1782
774,1783
65781,1784
61635,1785
10345214,1786
108150,1787
65632,1788
6918554,1789
9812534,1790
5312109,1791
454194,1792
208951,1793
151194,1794
153241,1795
198752,1796
2795,1797
3002977,1798
4472,1799
3748,1800
2950,1801
5601,1802
2378,1803
5327150,1804
456214,1805
4369579,1806
5459373,1807
3064778,1808
5839,1809
3357,1810
47499,1811
445892,1812
6132,1813
68841,1814
446018,1815
448915,1816
449095,1817
688859,1818
91552,1819
445896,1820
5287444,1821
444567,1822
446917,1823
159596,1824
2359,1825
6323486,1826
121947,1827
446143,1828
444732,1829
449076,1830
446355,1831
131704269,1832
94191,1833
446584,1834
445461,1835
17429,1836
46936889,1837
447280,1838
4629337,1839
446181,1840
7249,1841
444041,1842
444570,1843
444389,1844
446307,1845
5289288,1846
5289227,1847
131704262,1848
6323197,1849
17753774,1850
49874334,1851
71098,1852
5288606,1853
448978,1854
97184,1855
49866945,1856
444450,1857
444885,1858
131704256,1859
5288240,1860
65374,1861
405389,1862
503535,1863
11668,1864
9238,1865
4469805,1866
17753902,1867
5803,1868
5289591,1869
6468,1870
54688710,1871
5289468,1872
445569,1873
5287668,1874
49867166,1875
5287969,1876
444200,1877
340,1878
46936680,1879
449392,1880
151008,1881
60594,1882
6027,1883
439616,1884
6535,1885
17754035,1886
17754181,1887
5162682,1888
444528,1889
688357,1890
445340,1891
162501,1892
9060,1893
123895,1894
5288453,1895
5288821,1896
448973,1897
448288,1898
757,1899
10964,1900
78607,1901
73271,1902
1549093,1903
447811,1904
1136,1905
8094,1906
254,1907
5287884,1908
446493,1909
445393,1910
68525,1911
157684,1912
1714210,1913
1491,1914
87901,1915
447742,1916
5288266,1917
131704218,1918
447736,1919
444599,1920
444914,1921
5288150,1922
5289140,1923
447339,1924
46936435,1925
47936,1926
131704208,1927
461279,1928
3994,1929
449118,1930
445992,1931
6076,1932
447622,1933
17754158,1934
78386,1935
447021,1936
1483,1937
449094,1938
4564,1939
1667,1940
5288991,1941
443250,1942
636403,1943
449489,1944
168131,1945
6323540,1946
31260,1947
446367,1948
444390,1949
13712,1950
5288527,1951
6054,1952
446094,1953
448317,1954
3393379,1955
263,1956
1053,1957
54675858,1958
448825,1959
10927,1960
642324,1961
5287509,1962
8189,1963
448006,1964
65144,1965
3572,1966
160024,1967
657137,1968
446862,1969
447725,1970
10050566,1971
1779,1972
17754173,1973
152441,1974
445717,1975
446202,1976
657081,1977
5287438,1978
1628,1979
445468,1980
65110,1981
447195,1982
5168640,1983
445968,1984
3652,1985
154059,1986
6128,1987
6089,1988
160531,1989
26175,1990
43008,1991
5388937,1992
4845,1993
5574,1994
2801,1995
6047,1996
47811,1997
42890,1998
4915,1999
55283,2000
5583,2001
3032285,2002
3038,2003
3158,2004
149096,2005
4753,2006
3475,2007
4485,2008
5210,2009
68617,2010
439501,2011
667490,2012
3202,2013
2882,2014
157922,2015
60198,2016
2267,2017
457193,2018
5284569,2019
24066,2020
338,2021
3312,2022
5556,2023
2471,2024
6058,2025
15209,2026
2581,2027
3702,2028
4421,2029
2784,2030
60838,2031
4906,2032
2564,2033
4236,2034
131704172,2035
9047,2036
5533,2037
10100,2038
2809,2039
2719,2040
3000715,2041
4837,2042
3033,2043
20824,2044
657298,2045
5717,2046
5090,2047
4170,2048
51081,2049
2726,2050
10770,2051
5284513,2052
4158,2053
216239,2054
1935,2055
2145,2056
6729,2057
2789,2058
14052,2059
5095,2060
54676038,2061
4171,2062
2812,2063
441383,2064
5362440,2065
4195,2066
4771,2067
5362129,2068
54687,2069
