PubchemID	Cluster
445456	1
5961	1
1110	1
6288	1
4055	1
33741	1
2481	1
60753	1
439260	1
727	1
60750	1
5281081	1
1990	1
24763	1
6006	1
3325	1
2911	1
9933193	1
2882	1
8612	1
4369359	1
213039	1
3637	1
445238	1
449190	1
23644144	1
19	1
5496796	1
1944	1
5288385	1
46936196	1
445025	1
65552	1
439155	1
96	1
448585	1
342	1
5287612	1
154575	1
114683	1
6329	1
445561	1
5288437	1
6228	1
5288259	1
443200	1
65562	1
107758	1
441298	1
446795	1
16842	1
444913	1
9996708	1
656969	1
147071	1
444612	1
11987780	1
736715	1
17754162	1
449223	1
777	1
4357	1
448475	1
1633	1
637090	1
17753851	1
447340	1
6175	1
1188	1
447234	1
445155	1
11966124	1
223368	1
5288238	1
445328	1
24417	1
132519	1
5288123	1
100714	1
5288139	1
6323208	1
449538	1
131704200	1
5288499	1
446201	1
447369	1
131704201	1
446994	1
978	1
81831	1
449125	1
122336	1
155448	1
6338574	1
445245	1
10976469	1
131675359	1
447253	1
444182	1
5288001	1
1549107	1
439162	1
6119062	1
5311	1
152306	1
133246	1
60817	1
131704207	1
5287417	1
101059193	1
84682	1
444764	1
9578243	1
445308	1
445528	1
447084	1
151483	1
10972	1
449208	1
5326514	1
61207	1
8955	1
449409	1
1677	1
447923	1
447196	1
446491	1
82400	1
7752	1
447561	1
4635111	1
446414	1
10635	1
131704221	1
784625	1
447229	1
1715	1
440317	1
3710	1
446102	1
11740154	1
448013	1
447955	1
131704227	1
8758	1
21439	1
100016	1
449144	1
5289215	1
408285	1
444765	1
5289376	1
446998	1
1137	1
446796	1
643975	1
92199	1
11852	1
131704231	1
3713	1
6323502	1
447271	1
656966	1
447569	1
7167925	1
42627031	1
4369101	1
6409	1
70	1
5280832	1
448749	1
6857384	1
449201	1
4369172	1
688357	1
439186	1
449029	1
17753999	1
446920	1
5462442	1
657043	1
439616	1
447750	1
9305	1
448235	1
439456	1
97725	1
448267	1
1584	1
70807	1
445579	1
444053	1
39981	1
1135	1
1396	1
1543	1
46936694	1
444200	1
13373305	1
314123	1
439220	1
17085	1
657038	1
444818	1
4316	1
9600404	1
131704249	1
445462	1
5287671	1
445940	1
448894	1
445302	1
5289415	1
97538	1
1758	1
49867291	1
347590	1
148140	1
121966	1
93082	1
446122	1
5289593	1
10430	1
6503	1
9834298	1
445537	1
985	1
165196	1
6950298	1
4288	1
131704260	1
439351	1
444475	1
5287706	1
1176	1
445303	1
447966	1
85466	1
71077	1
644111	1
447945	1
126747	1
449167	1
447411	1
448017	1
5288799	1
439450	1
447152	1
5849540	1
657140	1
449534	1
1478	1
637542	1
121904	1
446221	1
44308490	1
6454902	1
9958	1
17754066	1
448926	1
439553	1
446916	1
119205	1
446665	1
175496	1
5289611	1
135	1
36	1
79143	1
123871	1
2230	1
193305	1
3092847	1
980	1
17754108	1
545	1
449146	1
222285	1
445888	1
5681	1
448022	1
126154	1
58	1
447236	1
446324	1
4369413	1
5327131	1
456214	1
5327013	1
4369477	1
5745206	1
198752	1
119373	1
121892	1
164509	1
443894	1
5329098	1
3038498	1
6603746	1
16478818	1
17414308	1
6914614	1
3547	1
9547945	1
44129612	1
46937150	1
448968	1
15942662	1
20846113	1
5004	1
3003141	1
31553	1
4850	1
131704323	1
4031	1
2466	1
160	1
581	1
1125	1
1301	1
1798	1
3367	1
5672	1
5721	1
16533	1
93860	1
96312	1
160051	1
5251896	1
5479141	1
6918313	1
25077993	1
44201343	1
242	1
2354	2
54746	2
3033538	2
2160	2
5578	2
2088	2
4030	2
18283	2
4493	2
119031	2
2381	2
60815	2
148192	2
5493381	2
123619	2
128882	2
446659	2
131704197	2
11914	2
447199	2
5288783	2
447873	2
444718	2
7478	2
5288792	2
65533	2
9543424	2
186	2
56069	2
188350	2
439326	2
657141	2
11979	2
996	2
446274	2
448662	2
447049	2
446394	2
8642	2
440996	2
5287870	2
5287648	2
446586	2
5497056	2
447014	2
68368	2
451597	2
159324	2
57515973	2
133090	2
5565	2
46937046	2
46937057	2
1548970	2
131704310	2
185460	2
85	2
3040	2
3355	2
3364	2
3449	2
3685	2
4736	2
5052	2
3369	3
6057	3
750	3
1130	3
134601	3
6267	3
3476	3
38521	3
5353853	3
1775	3
5282226	3
104758	3
4659569	3
4201	3
3162	3
6337614	3
31072	3
4497	3
2576	3
4926	3
153941	3
8730	3
37632	3
54675779	3
46936176	3
5291	3
3372	3
5320	3
60961	3
5577	3
37720	3
50294	3
5070	3
1349907	3
5281071	3
3117	3
5361323	3
2794	3
1549008	3
5852	3
151171	3
13769	3
5734	3
9444	3
6540478	3
3410	3
77991	3
156419	3
4927	3
4908	3
4162	3
5029	3
60937	3
3151	3
3821	3
4168	3
208908	3
888	3
9565	3
68873	3
5487427	3
68723	3
33887	3
2206	3
1615	3
31721	3
62156	3
98527	3
222865	3
71371	3
131704176	3
2526	3
444425	3
4939	3
440271	3
445032	3
5288538	3
445227	3
441046	3
448993	3
8988	3
447096	3
17754166	3
46936680	3
5288658	3
54369	3
5353370	3
131704261	3
46936829	3
445638	3
5288464	3
11840920	3
638035	3
5601	3
2350	3
5282219	3
9977819	3
134019	3
6918493	3
46705423	3
151174	3
4992	3
1993	3
5335	3
121396	3
10133	3
16130957	3
24199	3
448677	3
446967	3
25271580	3
6540261	3
445858	3
46937094	3
439551	3
11840966	3
446977	3
5289053	3
1360	3
443833	3
4369485	3
644013	3
10247560	3
3781	3
3604	3
21109	3
40704	3
54708735	3
1548942	3
68861	3
11967809	3
24856436	3
3822	3
134664	3
10230	3
30951	3
2541	3
107994	3
105145	3
5744	3
636398	3
11234049	3
102232	3
298	3
1805	3
2085	3
2274	3
2307	3
2443	3
2512	3
2522	3
2786	3
2978	3
3000	3
3008	3
3043	3
3056	3
3060	3
3222	3
3368	3
3370	3
3382	3
3384	3
3388	3
3425	3
3461	3
3512	3
3636	3
3640	3
3954	3
4036	3
4042	3
4043	3
4140	3
4159	3
4428	3
4513	3
4635	3
4885	3
4889	3
4894	3
4895	3
4896	3
4900	3
5257	3
5407	3
5408	3
5409	3
5466	3
5525	3
5636	3
5771	3
5877	3
10547	3
12460	3
16230	3
18140	3
20585	3
20969	3
23993	3
32603	3
37392	3
40703	3
41774	3
42615	3
51577	3
54158	3
62819	3
73658	3
104849	3
123611	3
123623	3
135113	3
206527	3
358641	3
444006	3
4474778	3
4517618	3
2645	3
2735	3
3641	3
5772	3
281	3
16130295	4
22524140	4
16129704	4
45267103	4
448601	4
3007	4
71415	4
54841	4
43672	4
2148	4
44424639	4
3559	4
5484727	4
4543	4
5328	4
3435	4
64139	4
2099	4
3108	4
3055	4
3011155	4
151166	4
3052776	4
5468	4
657131	4
448220	4
72271	4
441123	4
449555	4
70931	4
6327654	4
644175	4
448632	4
444215	4
446386	4
6131	4
57030	4
33042	4
17754209	4
151170	4
5289535	4
439846	4
5327077	4
3016416	4
40326	4
6912404	4
9955116	4
213053	4
160355	4
9838022	4
131682	4
5709	4
2366	4
3080	4
263366	4
10308106	4
107970	4
11556711	4
57379345	4
25151504	4
162955	4
3086401	4
5457	4
11965427	4
443380	4
44631912	4
11404337	4
23951	4
143	4
1972	4
3063	4
3171	4
3687	4
3890	4
5064	4
5645	4
5731	4
8197	4
19090	4
25959	4
42395	4
47640	4
60754	4
62816	4
65014	4
65840	4
71348	4
72938	4
123597	4
123620	4
208920	4
489129	4
5360237	4
6850789	4
11947681	4
16126651	4
16129616	4
16129617	4
16129632	4
16129665	4
16129672	4
16129682	4
16129701	4
16129703	4
16130199	4
16131310	4
16132265	4
16132283	4
16132418	4
16132438	4
16132441	4
16132446	4
16134956	4
16137271	4
16139342	4
16139605	4
16156130	4
16158207	4
17754772	4
24846132	4
24950485	4
25074886	4
44134877	4
44146714	4
44201342	4
44564722	4
44567678	4
3680	4
9860058	4
24970412	4
25102846	4
446124	5
446662	5
446277	5
4196	6
71398	6
6436135	6
3157	6
441401	6
3333	6
157920	6
3305	6
2893	6
11291932	6
5388906	6
4578	6
2021	6
2791	6
2909	6
3375	6
3379	6
3381	6
3392	6
4271	6
54786	6
6433119	6
21630	6
34058	6
54695768	7
5289507	7
961704	7
23690938	7
5106	8
4211	8
41693	8
9552079	8
446824	8
13017	8
445309	8
6419228	8
5288113	8
68802	8
11677589	8
3872	8
439811	9
17753777	9
6102824	9
49852292	10
4993	10
2368	10
20279	10
44257	10
444031	10
2554	10
31378	10
3393	10
3440	10
4510	10
4873	10
5280980	10
3827	10
5078	10
5991	10
3749	10
4054	10
5379	10
4891	10
5311181	10
11876263	10
10607	10
4932	10
66265	10
31101	10
5002	10
17134	10
5462222	10
5875	10
516892	10
3003157	10
3380	10
3678	10
444719	10
5289076	10
5289037	10
449606	10
222528	10
159738	10
854026	10
6918537	10
53708	10
5310939	10
71364	10
216235	10
4101	10
1510981	10
11499245	10
6451149	10
9823820	10
5205	10
23954	10
2462	10
3250	10
3746	10
4253	10
4264	10
4422	10
4623	10
4638	10
5040	10
5051	10
5514	10
5651	10
45469	10
71273	10
154058	10
157429	10
5488383	10
48175	10
6274	11
667484	11
107	11
9875516	11
6914595	11
171833	11
447956	12
4633	12
446504	12
185914	12
9403	12
8759	12
3263	12
5404	12
130565	12
46937026	13
54477	13
2484	13
1649	13
6326983	13
5496627	13
72792	13
2761494	13
165151	13
131704233	13
445969	13
444581	13
447559	13
445018	13
9854012	13
2132	13
165323	13
46937108	13
46937109	13
4259	13
71362	13
46937081	14
70678590	14
439153	14
6024	14
28864	14
6049	14
154044	14
446325	14
446186	14
449014	14
449588	14
448407	14
4470378	14
644241	14
219077	14
5743186	14
123964	14
3085218	14
9549225	14
11500273	14
25113128	14
16122577	14
2079916	14
15942652	14
6914621	14
54682555	14
23270857	14
12148754	14
11229234	14
1722	14
5726921	14
16113377	14
16741227	14
10364826	14
25138278	14
46937123	14
87517	14
16750094	14
5289197	14
25023881	14
637775	14
5327097	14
94286438	14
24771758	14
11269429	14
42611257	14
23663870	14
13344	14
3403	14
131704185	15
119607	15
2247	15
2372	15
7339	15
5287540	15
4469994	15
2681	15
448372	15
8629	15
131704183	15
447256	15
5287515	15
657144	15
447048	15
7464	15
5459918	15
11113761	15
123912	15
449218	15
448873	15
449633	15
5287494	15
448087	15
17754157	15
447261	15
444672	15
446858	15
5288987	15
65077	15
7389	15
448667	15
5281	15
69736	15
5288719	15
448575	15
657098	15
447202	15
445533	15
657065	15
446783	15
5459861	15
131704252	15
5289321	15
17754128	15
448294	15
2396	15
6992039	15
445999	15
449101	15
445736	15
4327	15
1331	15
447022	15
700	15
71070	15
448610	15
2353	15
5287936	15
5289531	15
444514	15
448025	15
447466	15
44462678	15
65074	15
439750	15
11481186	15
448971	15
89950	15
445785	15
445307	15
17753799	15
5494414	15
5288103	15
5288476	15
3236	15
2562	15
191	15
3848	15
102258	15
219084	15
6477186	15
16158473	15
24838347	15
10219702	16
445354	16
150610	16
33624	16
5311221	16
4934	16
3002190	16
28486	16
5287990	16
46936357	16
46936702	16
5453	16
3001028	16
6857686	16
1150567	16
12773795	16
247304	16
1723	16
65157	16
9818306	16
222757	16
401	16
596	16
3256	16
3268	16
54688	16
3055172	16
3929	17
5284373	17
60846	17
2082	17
10917	17
4914	17
55466	17
2720	17
259331	17
60921	17
5460413	17
449362	17
3260017	17
446837	17
5880	17
7405	17
449394	17
131704237	17
447018	17
3455	17
448333	17
394347	17
445534	17
379	17
46937028	17
1712	17
25113124	17
11502647	17
4300	17
6096886	17
10400412	17
446158	17
9547940	17
6102781	17
42608445	17
23644579	17
17748441	17
2823014	17
11987860	17
447911	17
46937048	17
2776424	17
9547959	17
46937053	17
44144379	17
25049750	17
6540289	17
10286462	17
446106	17
14368760	17
2724883	17
673481	17
131505	17
5288064	17
5288066	17
446845	17
24963048	17
24801862	17
14899645	17
736407	17
46937149	17
6852129	17
753	17
62956	17
55331	17
72022	17
2548	17
3209	17
4989	17
5032	17
5523	17
32169	17
60183	17
62924	17
127909	17
441382	17
5199	17
131536	18
55480	18
5327067	19
5314	19
5360515	19
3059	19
3767	19
9870843	19
3019	19
1978	19
3343	19
9923	19
159055	19
448269	19
17754131	19
12530	19
446385	19
77022	19
130611	19
446185	19
446948	19
131704254	19
127370	19
447108	19
14463	19
5287799	19
447827	19
5438	19
17753992	19
5289470	19
1511	19
17754186	19
10305301	19
54688679	19
448012	19
5289039	19
448009	19
10621	19
10299876	19
39562	19
24180718	19
10339710	19
22850133	19
44129620	19
9543521	19
10343728	19
24180722	19
4369568	19
5287977	19
54682463	19
4474224	19
23586145	19
25243853	19
25134253	19
2738139	19
4447	19
11149906	19
9549259	19
74077203	19
6852168	19
11979006	19
10286159	19
449241	19
46937118	19
24748045	19
449003	19
3000663	19
9547890	19
6006216	19
44129629	19
44129630	19
5289054	19
122335	19
447359	19
24878044	19
124075	19
54767916	19
3447	19
5467	19
13559279	19
2349	20
447523	21
151437	21
5287465	21
124823	21
20055510	21
447994	22
5215	22
2343	22
54454	22
444941	22
448940	22
5287571	22
445756	22
447652	22
17753903	22
3266379	22
3082729	22
5288173	22
123865	22
446627	22
612	22
4369491	22
65015	22
24836816	22
25023709	22
25126798	22
51045	22
222786	22
1084	22
2524	22
4053	22
60834	22
108144	23
1983	23
4499	23
3105	23
31304	23
6279	23
2796	23
5870	23
5358	23
5353894	23
3366	23
3354	23
5284596	23
44093	23
2444	23
159269	23
439284	23
5288631	23
444451	23
1746	23
9046	23
2663	23
285033	23
219100	23
59227	23
6918835	23
10783	23
154234	23
5276520	23
1082702	23
10095904	23
24941263	23
6914624	23
24800833	23
11957393	23
2352168	23
9543494	23
23653531	23
3492020	23
23729147	23
46937091	23
25138280	23
24756824	23
54688400	23
2737071	23
6451164	23
104747	23
86418	23
6918612	23
114905	23
58460047	23
4266	23
10028615	23
11593706	23
6540267	24
37768	24
38853	24
3100	24
443884	24
115237	24
64147	24
49866981	24
49866839	24
205131	24
5311399	24
11658860	24
27400	24
62358	24
90206	24
6918710	24
24778473	24
46937063	24
447219	24
24798741	24
654376	24
24752832	24
24901723	24
448729	24
46937115	24
25263414	24
9927355	24
44422489	24
46937119	24
11338033	24
96876	24
24764442	24
2972	24
9865528	24
5330286	24
46196517	24
2232	24
104799	24
455658	24
3086685	24
6850791	24
9815559	24
54929	25
448668	25
5496872	25
9549180	25
4369475	25
46937043	25
46937051	25
446532	25
25134249	25
11694089	25
444721	25
448763	25
369976	25
1548992	25
71587201	25
97297	26
5391	26
2578	26
40839	26
4046	26
145068	26
5035	26
449171	26
3156	26
2803	26
1548887	26
4935	26
60877	26
667476	26
77992	26
6335412	26
27661	26
4883	26
4870	26
53461739	26
4631	26
5325	26
23700	26
65115	26
5798	26
5287488	26
65359	26
448841	26
25199766	26
11243969	26
9952916	26
219090	26
6115	26
670006	26
24860533	26
24180719	26
24812720	26
24836812	26
25011729	26
23653503	26
11348631	26
5287796	26
25134257	26
4292413	26
7013169	26
23586146	26
23645578	26
24963033	26
11349402	26
5327092	26
5288710	26
87031	26
9926933	26
5289332	26
5289386	26
6323528	26
121026	26
15574941	26
54684141	26
11707110	26
170361	26
4865	27
25074887	27
14257662	27
5284604	27
5496628	27
764	27
16186054	27
156422	27
447341	27
448653	27
169870	27
11669698	27
2391	27
2891	27
214339	27
5462337	27
16129690	27
56842239	27
5281897	28
1051	28
12560	28
4999	28
71567	28
644065	28
16197727	28
1549000	28
154257	28
2881	28
32281	28
148127	28
4479094	28
16137828	28
72304	29
148121	29
708346	29
210332	30
26987	30
5819	30
5071	30
3180	30
34633	30
4192	30
5504	30
6473883	30
4235	30
5995	30
4310	30
446382	30
71306319	30
447998	30
277	30
6505368	30
133021	30
4369446	30
6445226	30
11840917	30
448285	30
5278688	30
24752837	30
9871419	30
3194	30
813	30
1971	30
2133	30
3255	30
4451	30
4547	30
4678	30
5486	30
41744	30
316280	30
3037258	30
656911	31
15606	31
445936	31
5881	31
446595	31
95034	31
656894	31
445614	31
5289089	31
5326739	31
444833	31
967	31
9543427	31
445732	31
446237	31
447845	31
448110	31
17754104	31
16133778	31
439912	31
675	31
445967	31
445306	31
448965	31
14253	31
448658	31
17753927	31
5497016	31
17473	31
24239	31
446468	31
5289457	31
73927	31
447336	31
445459	31
49867144	31
5289299	31
974	31
72258	31
5388928	31
188347	31
5288147	31
5288145	31
12897341	31
1001	31
17754130	31
5459816	31
119138	31
447406	31
5289570	31
444792	31
446240	31
387442	31
9862248	31
131704205	32
439407	32
10062737	32
449178	32
11861988	32
5287989	32
131704251	32
1609	32
1698	32
443955	33
5440	33
31640	33
5479	33
3711	33
445504	33
191445	33
25023710	33
25181321	33
9842606	33
6857702	33
2817424	33
9543496	33
9833444	33
6	33
4536	33
5470	33
11020241	33
447962	34
2474	34
4095	34
166548	34
60613	34
54680690	34
35330	34
33166	34
37792	34
5431	34
445443	34
447776	34
5288504	34
445076	34
445715	34
444104	34
5288600	34
65130	34
10394	34
440033	34
75019	34
446400	34
11646	34
71353	34
5340	34
10152654	34
5419	34
5388909	34
6102691	34
4369426	34
5288615	34
46937117	34
21850055	34
510684	34
24762195	34
735838	34
23654841	34
14812933	34
445920	34
46937179	34
15951529	34
40589	34
47528	34
10288191	34
9852519	34
11519069	35
4100	35
1986	35
1032	35
42615253	35
5327152	35
46937056	35
6420121	35
9994897	35
131704314	35
73333	35
11949646	35
4425	35
46937060	36
6083	36
5280793	36
6037	36
5311067	36
84088	36
4173	36
5289193	36
1808	36
7419	36
448661	36
445718	36
131704219	36
42626649	36
4633094	36
5326682	36
447877	36
92824	36
4369171	36
38	36
447980	36
440005	36
446355	36
447959	36
445892	36
181426	36
15991573	36
3699841	36
25058136	36
6793	36
6420178	36
6854	36
24778299	36
11485425	36
10822243	36
448258	36
5281701	36
11963565	36
5289221	36
439530	36
10993014	36
9889200	36
124653	36
146	36
159	36
206	36
3203	36
3750	36
5596	36
56603655	36
7000165	37
305	37
5960	37
6262	37
1738118	37
33032	37
5280581	37
14969	37
5359272	37
445571	37
259994	37
11073745	37
289	37
3371	37
447527	37
656979	37
466959	37
445784	37
1855	37
5287894	37
17753990	37
445995	37
444306	37
7311735	37
5289501	37
5289509	37
131704229	37
49867153	37
5289320	37
66898	37
5289122	37
127716	37
444139	37
131704247	37
18068	37
3034794	37
10132	37
65063	37
446934	37
657026	37
5288598	37
446238	37
5164	37
444569	37
131704283	37
15991574	37
1548943	37
11507040	37
699	37
65281	37
3081276	37
71316	38
192706	38
46937105	38
14888	38
54331	38
46878492	38
9547935	39
2883	39
5280965	39
5775	39
2244	39
679	39
54684589	39
9700	39
449159	39
99478	39
16028	39
445615	39
17753820	39
447030	39
4634231	39
123938	39
445575	39
447508	39
444346	39
5289562	39
5388936	39
4528	39
15978579	39
9875401	39
3058751	39
444650	39
10072851	39
16741275	39
24741806	39
5288217	39
11493598	39
24893974	39
11531308	39
14086997	39
46937133	39
447362	39
23659732	39
14611919	39
25147495	39
54693872	39
121750	39
54736486	39
54723704	39
25229537	39
1175	39
708857	39
969516	39
46220502	39
1355	39
9904	39
4659568	39
164521	39
5464096	40
5749	40
5978	40
5496642	40
65355	40
8150	40
444841	40
9933475	40
25195339	40
65064	40
2308	40
4443	40
31307	41
50942	41
11250029	42
70678542	42
2179	42
5359476	42
4199	42
5281004	42
54682938	42
4887	42
236666	42
165436	42
104904	42
25134245	42
465669	42
446641	42
2742752	42
16750074	42
16220172	42
10631	42
18609542	42
6918837	43
4583	43
177336	43
25011732	43
16040294	43
657061	43
10482134	43
53234134	43
16065945	43
131704187	44
5287541	44
449154	44
1491	44
162569	44
128878	44
10062714	44
447371	45
3152	45
158397	45
448088	45
104842	45
16741	45
4411	45
5287596	46
493570	46
3658	46
5288101	46
447659	46
445154	46
444378	46
447771	46
3744	46
239	46
447531	46
131704239	46
449346	46
1174	46
6419229	46
6604901	46
9584748	46
104772	46
439507	46
446411	46
444196	46
637517	46
444729	46
10367	46
448176	46
446622	46
5327123	46
5718	46
448219	47
2153	47
2724385	47
969472	47
443872	47
3647	47
47965	47
468595	47
656652	47
9427	47
6102594	47
446856	47
312183	47
7950	47
1865	47
12803287	47
64972	47
4073054	47
16040323	47
75846	47
11368987	47
25150856	47
977	47
2173	47
2215	47
5478	47
32797	47
4734	48
9782	48
4004	48
92253	48
445131	48
24873435	48
24965990	48
68498031	48
182137	48
2828	48
3279	48
5376	48
5359596	48
24393	48
5326608	49
7057884	49
5289258	49
56959087	49
72111	49
14584	50
6917715	50
123631	50
11963622	50
564	50
6918365	50
4616	50
5394	50
441306	50
5735	50
10668	50
62436	50
28204	50
5287795	50
101543	50
11987804	50
9574768	50
68165256	50
2826	50
3003	50
3062	50
3443	50
3623	50
3642	50
3916	50
4248	50
4419	50
21945	50
5361912	50
5322	51
4679	51
158781	51
3034034	51
4114	51
60855	51
16490	51
4909	51
3345	51
5745	51
65389	51
4290	51
444440	51
449381	51
447720	51
92851	51
449013	51
5289333	51
4184	51
3448	51
6914629	51
9844011	51
449080	51
4369498	51
46937080	51
9549258	51
54723327	51
5284550	51
39912	51
315411	51
55891	52
3226	52
54676038	52
5284627	52
45266502	52
2094	52
3957	52
25210	52
4848	52
5281078	52
896	52
4189	52
5342	52
84029	52
6307	52
456255	52
44185	52
53025	52
441199	52
5429	52
5479537	52
91562	52
5282242	52
446727	52
447916	52
6398365	52
7708	52
3052778	52
4369560	52
2617	52
2622	52
2631	52
2646	52
2650	52
2654	52
2655	52
2656	52
2666	52
47319	52
47725	52
54373	52
443379	52
6333887	52
9800339	52
723	52
2612	52
11154555	53
1201549	53
5287463	53
941361	53
108092	53
447715	53
55285	53
6857691	53
11840930	53
15942672	53
8408	53
24875319	53
115368	53
50922675	53
60843	53
247978	54
124886	54
3676	54
3517	54
5287579	54
385	54
5287939	54
447522	54
131704202	54
10396076	54
80654	54
443201	54
3973	54
446242	54
3311	54
7245	54
17754159	54
448173	54
5288988	54
446986	54
5288700	54
446446	54
273	54
4470577	54
448302	54
444455	54
171558	55
3080904	55
253602	56
2811	56
449120	56
2833	57
34040	57
148211	57
6440717	58
6116	58
4020	58
4943	58
6802	58
444737	58
446873	58
6323220	58
444222	58
11492186	58
15602701	58
23647652	58
233979	58
24905144	58
15991577	58
447110	58
1690	58
5203	58
3952261	59
2955	59
70789197	59
5284592	59
3520	59
2585	59
5284359	59
5362391	59
451668	59
72287	59
445404	59
108143	59
244	59
9547901	59
5281884	59
5248	59
5402	59
147740	59
46181941	59
23982	60
4634	60
6098	60
9433	60
82313	60
17754054	60
6119063	60
9887812	60
129228	60
11954293	60
216468	60
10134160	60
656580	60
3236724	60
655	60
976666	60
440483	60
71768094	60
9912092	60
445981	61
1066	61
1030	61
95014	61
446276	61
1616	61
72443	61
14123494	61
17759780	61
11290116	61
42628060	61
4634038	61
16086836	61
2605	62
1949	62
42627264	62
3783	63
2727	63
2161	63
2754	63
9543528	63
158795	63
12302745	63
449244	63
3599	63
4500	63
312	63
130564	63
150310	63
6453361	63
5944	64
3054	64
8378	64
104865	64
8280	64
3488	64
6000	64
447488	64
4947	64
2367	64
54677977	64
54682541	64
16362	65
24838623	66
11597698	66
158	67
5381226	67
667466	67
445843	67
1701	67
17749729	67
445248	68
65302	68
49866494	68
447732	68
12085802	68
446816	68
175468	68
15906	68
447077	68
1604	68
1714	68
98487	68
76883	68
448970	68
445937	68
447905	68
997	68
70914	68
111509	68
6323486	68
455742	68
11740318	68
445332	68
5729339	68
5282031	68
11840968	68
131704307	68
5326928	68
5289324	68
24741805	68
24871491	68
7045767	68
24872560	68
246983	69
119570	69
5311068	69
5362065	69
7099	69
76957149	69
449593	69
3013848	69
7124	69
15624	69
440901	69
5311365	69
446552	69
439246	69
712	69
444763	69
9223	69
17754216	69
32594	69
446228	69
44564	69
5287495	69
131704305	69
46937090	69
3000541	69
4636204	69
16045336	69
745994	69
5326929	69
5487313	69
25229546	69
44141939	69
5328120	70
446156	70
444	70
3534	70
72194	70
448650	70
46936378	70
5288251	70
5723	70
65258	70
92153	70
5288564	70
5287429	70
448878	70
129236	70
446658	70
448384	70
23629654	70
24941248	70
5276507	70
25210476	70
25093369	70
44144378	70
25113125	70
25138294	70
15942655	70
24836813	70
24978486	70
16744441	70
10958449	70
1286536	70
447649	70
3137930	70
73571	70
5288373	70
5544	70
12106168	71
35370	71
7638	71
6005	71
219078	71
5326868	71
3928	71
4689	71
71469	71
6433117	71
466960	72
46936368	72
123648	72
40539	72
4369435	72
2168	73
5481350	73
1989	73
24244	73
2435	73
60773	73
2910	73
3394	73
4735	73
3639	73
54675769	73
4539	73
33613	73
30699	73
3103	73
4449	73
92727	73
441397	73
6087	73
123630	73
445722	73
445503	73
656909	73
54685524	73
2171	73
2344	73
2551	73
2609	73
2637	73
3363	73
4603	73
4727	73
6435110	73
5281074	73
68712	74
25023706	74
11332763	74
5606	74
4684	74
24875302	75
156126	75
8193	75
9547923	75
5039	76
5770	76
5447130	76
3001055	76
5281037	76
56339	76
656959	76
119339	76
25945	76
60149	76
25242512	76
2250	76
5352	76
12536	76
3038497	76
210320	77
57697	77
39765	77
164628	77
447076	77
447688	77
129891	77
2713	77
22318	77
131704308	78
447805	78
448381	78
447029	78
54688261	78
447731	78
5289419	78
5288834	78
445993	78
446492	78
668	78
11840904	78
5287620	78
42628075	78
5494422	78
24856363	78
11674979	78
23615309	78
1536	78
24905153	79
6082	79
17753936	79
657023	79
4469987	79
447123	79
1694	79
23647357	79
46937061	79
4369497	79
9549303	79
5327110	79
650361	79
46937093	79
1202104	79
9547915	79
16129582	79
24820112	79
9562794	79
16739331	79
44563262	79
24864079	79
24971312	79
447656	79
9999276	79
447700	79
1854	79
10150441	79
130804	79
21066096	79
10249180	79
44629554	79
25113120	79
5524	79
22021390	80
5905	80
2141	80
637516	80
6918670	80
14163672	80
6102820	80
6102821	80
23647659	80
16224058	80
11483970	80
5288711	80
15083623	80
445694	81
5572	81
216326	81
10548	81
3543	81
25113123	81
10456828	81
11602832	81
16115004	81
448955	81
667639	81
146089	81
220535	81
3720	81
16058752	81
148191	81
4057	82
6249	82
3182	82
15459	82
38103	82
192579	82
11504295	82
4418	82
91488	82
4730	82
8631	83
656629	83
4761	83
2879	83
448057	83
441478	83
9968957	83
11634458	83
11495704	83
6102685	83
6248837	83
11963499	83
9859248	83
23647763	83
444406	83
1184681	83
16122581	83
16122580	83
24755470	83
60751	83
17753823	84
2818	84
2761	84
62959	84
4469371	84
5289424	84
17754026	84
445228	84
439168	84
440041	84
90334	84
444825	84
5289108	84
5289301	84
121959	84
5172	84
6327350	84
767	84
9811221	84
24812721	85
91867	85
119590	86
11505541	86
49	87
5280961	87
447560	87
5287415	87
12793	87
5326727	87
446600	87
657095	87
439183	87
5323	87
44141864	87
54708746	87
11653652	87
9848818	87
453	87
4432	87
5289534	88
14309	88
5288605	88
128419	88
5287555	88
264	88
4641	88
24762228	88
99594	89
65866	89
444290	89
160478	89
70119	89
446904	89
643976	89
196672	89
131704259	89
446049	89
6003770	90
3762	90
2266	90
5329	90
23724530	90
2159	90
6623	90
11441375	90
7187	90
9915886	90
24847879	91
7259	91
13711	91
6858209	91
11304743	91
44571	91
274	92
5754	92
17754117	92
5801	92
16500	92
124734	92
65304	92
447733	92
17754062	92
17754027	92
447872	92
4628690	92
447977	92
192826	92
5288817	92
443199	92
4478249	92
1014	92
444170	92
215436	92
445629	92
5287525	92
440667	92
10340	92
28693	92
15558638	92
62965	92
450	92
24706	92
11235728	92
4747355	93
16129675	93
5311412	93
31477	93
132302	93
323	93
444020	93
24768548	93
22479942	93
6857690	93
6914661	93
5274976	93
11561383	93
4369384	93
5327091	93
24905152	93
13582275	93
6540299	93
24779675	93
21066087	93
9991833	93
10317619	93
10249182	93
17749735	94
936	94
456390	94
21733122	94
11554165	94
54727975	94
10250490	94
26248	94
229455	95
444150	95
216454	95
41317	96
3365	96
5546	96
452548	96
5284512	96
6323490	96
16850	96
3446	96
6726	96
4622	96
6476	96
92974	96
11691442	96
446744	96
656970	96
49846579	96
1546	96
2951	96
3661	96
5650	96
16129629	96
456468	97
5280934	97
5951	97
6305	97
78057	97
171284	97
445478	97
892	97
446857	97
13945	97
445724	97
49867766	97
446195	97
487	97
447145	97
9869929	97
122357	98
5959	98
62886	98
5566	98
6533629	98
657027	98
5288869	98
97536	98
447767	98
6951123	98
2787	98
9913767	98
2563	98
2658	98
23648296	99
1060	99
6137	99
152951	99
3168	99
5568	99
2761171	99
441335	99
124087	99
5743	99
446947	99
656989	99
447377	99
445026	99
643684	99
131704242	99
1682	99
131704253	99
440121	99
794323	99
5287512	99
2374	99
5288033	99
444394	99
46937112	99
5289112	99
838	99
853	99
3075	99
4120	99
93036	100
444590	100
1015	100
1282	100
5478838	100
673	100
4971	100
5353306	100
1318	100
657073	100
644358	100
4630909	100
5599	100
5289205	100
439444	100
6245	100
69672	100
9257	100
5287468	100
447638	100
11963944	100
378	100
5288593	100
8975	100
656965	100
14925	100
25113614	100
11586735	100
23657800	100
24905143	100
5289314	101
17754154	101
23653507	101
1289593	101
13949633	101
5289474	101
68865	101
149436	101
23586040	102
36294	102
3032285	102
5327104	102
22690393	102
5327066	102
25058138	102
76098	102
5143	102
72466	102
445651	103
6540428	103
5289111	103
5733	103
708990	103
23647361	103
68205	103
24794406	103
2487	103
12594	104
60021	104
2914	104
51634	105
1046	105
4064	105
5355	105
6256	105
4893	105
60835	105
41684	105
3961	105
6646	105
34312	105
4762	105
54682461	105
2802	105
5311071	105
5281006	105
3463	105
2968	105
54682045	105
5284553	105
6077	105
21855	105
5281613	105
3307	105
3154	105
3915	105
64778	106
4725	106
6230	106
446241	106
155774	106
119212	106
2610	107
3033825	107
33255	107
43594	107
10267580	108
446541	108
448254	108
4369102	108
227	108
9690109	108
14205264	108
24892823	108
23653500	108
20541332	108
16741209	108
16750097	108
444302	109
9805430	109
449379	110
60789	110
445182	110
183145	110
89105	110
445505	110
440046	111
56959	111
5755	111
4636	111
5966	111
441207	111
446336	111
16019963	111
11986118	111
656973	111
5288641	111
5287890	111
445009	111
461278	111
9576891	111
25163987	111
2782689	111
24880018	111
17758361	111
46937103	111
6420152	111
1530	111
25220904	111
11963512	111
3158	111
444965	112
5962	112
449366	112
118458	112
6323520	112
84704	112
8914	112
171	112
131704240	112
5288634	112
447724	112
448726	112
903	112
5459952	112
25138289	112
455041	112
222	112
9831414	113
16040257	113
129539	113
5282430	113
9930048	113
23682309	113
130313	114
10114365	115
6857710	115
24941254	115
9865587	115
11633167	115
3542	115
447518	116
1103	116
190	116
54445	116
445005	116
446056	116
72172	116
439230	116
447206	116
71166	116
2733514	117
5193	117
2477	117
5326637	117
1024	117
54682930	117
145729	117
446429	117
445723	117
11953931	117
446136	117
50614	117
2969	118
439202	118
5287971	118
4293	118
447015	118
5496599	118
6030	118
78598	118
445840	118
219104	118
15942673	118
16124	118
5289613	119
449157	119
9821178	119
3406	120
3958	120
21704	120
5344	120
4585	120
3883	120
13342	120
6916249	120
5311017	120
50599	120
19003	120
17676	120
5284583	120
3033053	120
439213	120
6291	120
30487	120
15991546	120
44112	120
33625	120
5773	120
2365	120
3911	120
4272	120
4695	120
24847877	120
4642	121
145742	121
54676228	121
3487	121
119	121
445344	121
453369	121
446054	121
446835	121
6857417	121
11840929	121
24894130	121
24941258	121
5327122	121
9543486	121
452307	121
11608401	121
42628063	121
46937148	121
131704312	121
5282452	121
656892	121
6440191	122
24775005	123
159252	123
9600412	124
25011730	124
1786	124
17754396	125
449128	125
16615	125
9998128	125
6857487	126
18807	126
134018	126
5327103	126
6857688	126
6852206	126
128564	126
25011726	126
30323	127
9887303	127
1372	127
657085	127
46937073	127
16122525	127
5288215	127
25203945	127
5289411	127
9832383	128
2479	128
52941757	128
5289243	128
41987	128
122077	128
9571004	128
657007	128
444704	128
9543487	128
93114	128
6852209	128
4858	128
24821094	128
93147	128
2333	128
6323362	129
5459361	129
5289247	129
52946592	129
9547900	129
5321765	129
5287855	129
5288190	129
445952	129
25113157	129
25210531	129
5287673	130
24316	130
5287991	130
5287492	130
4708	130
9952008	130
64727	131
8153	131
446443	132
4737	132
1102	132
159296	133
87642	133
1337	133
1893	133
8172	133
172469	133
546	133
5740	133
6858204	133
447476	133
49866787	133
440104	133
72886	133
1759	133
4629337	133
6323390	133
446313	133
3998	133
4722579	133
9270	134
3763	134
165381	134
446814	134
65098	134
6322	135
24776445	135
10465263	135
2476	136
2678	136
6918140	136
392622	136
5906	136
5593	136
3601	136
36314	136
44668	136
10280735	136
25147494	137
446488	137
25074470	137
5288581	137
46937116	137
71345	137
130188	137
11987823	137
6603901	137
11610553	137
25218427	138
11427975	138
46937157	138
11567473	138
3845	138
3220	139
444761	139
5327159	140
22128	140
40636608	140
5288206	141
107971	142
9642	142
4495	142
9963148	142
11396600	142
676157	142
448297	142
4369432	142
891831	142
5278690	142
3246941	142
10401956	142
1875	142
5311128	143
444720	143
446620	143
446640	143
71436	144
65028	144
4940	144
39468	144
10168	144
3251	144
5077	144
54547	144
3877	145
5656	145
24083	145
10101	145
24759	145
123015	145
6433091	145
447364	146
46936391	146
160603	146
10214	146
5289336	146
96595	146
79034	146
5280883	146
46936871	146
6830	146
2993	146
10157080	146
23643565	146
9817372	146
11963552	146
23629653	146
1587957	146
25011727	146
449242	146
449243	146
5496653	146
16122642	146
45270264	147
5357439	148
447536	148
44259	148
136449	148
5289282	148
5326671	148
447524	148
439509	148
367584	148
34474	148
24808489	148
16058637	148
10379137	148
11302	148
4369433	148
5497171	148
23640756	148
11267350	148
157921	148
54687131	148
447735	149
439781	149
65076	149
444695	149
45273683	149
2138	150
445768	150
2901	150
46937074	150
7075	150
10708341	150
9817381	150
448406	151
444972	151
448238	151
165363	151
4369379	151
15689	151
6176	151
439283	151
69507	151
5311066	152
16046126	152
447912	152
24963036	152
16058639	152
16086422	152
131704306	152
13294447	152
216466	152
5284551	153
4649	153
7029	153
6741	153
60953	153
3690	153
39147	153
16682734	153
13472	153
6323244	153
11197931	153
11955614	153
56640146	153
11284169	153
11282283	153
54889	153
61520	153
60606	154
247839	154
16231	154
5282381	154
3672	154
9913	154
9799888	154
61799	154
25094462	154
25880656	154
25880664	154
40468184	154
51508717	154
54681041	154
3918	155
42113	155
4688	155
6920596	155
17749728	155
2781	155
28696	155
3648	156
4075	156
4091	156
4107	156
4946	156
57469	156
2973	156
60648	156
17753929	156
4369390	156
24851688	156
24764430	156
68770	156
2341	156
2806	156
3553	156
3734	156
4112	156
5155	156
5582	156
11753673	157
91557	157
178051	157
119404	157
54677946	157
25920890	157
8813	157
446981	158
5311052	158
62867	158
25181315	158
24875313	159
5289484	159
24779674	159
460	159
46199646	159
5289284	160
4369502	160
2361	160
22556917	161
4673	162
149351	162
21233	162
441289	162
50192	162
6292	162
3396	162
39524	162
60668	162
25166913	163
174174	163
2022	163
5505	163
3698	163
23727981	163
24963032	163
66249	163
123879	163
2202	164
443958	164
444013	164
2520	164
9651	164
2895	164
4746	164
6032	164
5206	164
98792	164
656932	164
444773	164
177236	164
131664	164
153994	164
3052762	164
2239	164
5372	164
5515	164
23586178	165
3696	165
439216	165
446514	165
242831	165
160556	165
16741237	165
46937084	165
23647311	165
5280911	165
24456	165
40976	165
10135836	166
6918155	166
444861	166
11221386	166
5326798	166
25134267	166
25271556	166
49957	167
119182	167
49867502	167
445935	167
5288859	167
5289389	167
11318	167
447655	167
68152	168
152946	168
60825	168
131704196	168
1755	168
445037	168
444453	168
449124	168
13806	168
656948	168
446286	168
1514	168
11779786	168
10077130	168
131704235	169
91443	169
6106	169
447682	169
178	169
1048	169
17754220	169
65536	169
4359	169
121976	169
21501	169
6914627	169
5326843	169
11840955	169
802	169
448002	169
445314	169
46937170	169
25220903	170
9543495	170
780	170
194777	170
46937147	170
6857724	170
46937162	170
3256861	171
5790	171
6335986	171
8063	171
447815	171
446512	171
5289295	171
448027	171
92282619	171
439217	171
445905	171
61503	171
447405	171
84836	171
5287789	171
16122582	171
42608447	171
26275995	171
25134252	172
3964	172
15130	172
24764441	172
4260	172
3938	172
17753890	173
5284371	174
17756771	174
5401	174
33478	174
4819	174
60146	175
132971	175
2177	176
6196	176
53387035	176
3053	177
65016	177
6918523	177
54736482	177
46937089	178
5311309	178
9429	178
4592	178
5410	178
46937031	179
6323497	179
5289343	179
5280878	179
193962	180
5287550	181
2732	181
7699	181
3000237	181
3148	181
72081	182
445072	182
11138	182
102710	183
4197	183
5311000	183
5746	183
3295	183
6869	183
23724781	183
10770	183
3869	183
5587	183
26879	183
65863	183
4601	183
60919	183
2164	183
6464	183
6473	183
448942	183
2156	183
5311447	184
3404	184
5245	184
4116	184
56330	184
448994	184
23653502	184
297	184
5647	184
23644580	185
447766	185
2763754	185
5288616	185
44224261	185
46937141	185
24755476	185
92180	185
444144	186
2671	186
446801	186
13695	186
449015	186
11574606	187
5732	187
12092	187
46937079	188
46937054	189
4369143	189
5326966	189
24963047	189
16043	189
8179	189
444894	190
40472480	190
199994	190
5828196	190
24812718	190
5951796	190
5288708	190
5494443	190
5327147	190
10180	191
2218	191
131704264	191
174251	191
11696113	191
444974	192
6306	192
447634	192
46890069	192
4369594	192
2822496	192
5288553	192
11655511	192
5289331	192
46937168	192
11840990	192
6914647	192
5287443	193
988	193
5460502	193
16058650	193
452723	194
165580	194
446165	194
151075	194
448533	194
448271	194
10062702	194
447099	194
17150	195
5288826	195
175805	195
129211	195
4781	195
702	195
4828	195
2083	195
4756	195
62751	195
52949062	195
16758228	195
69512	195
3518	196
4167	196
6432	196
6380	196
46936855	196
159325	196
25134250	196
25134251	196
46937142	196
5531	196
4820	196
5625	197
5212	197
57537	197
6102761	198
3198	198
444837	198
23627203	198
46937068	198
46937144	199
24861080	199
46937113	199
447835	199
24865390	199
24752833	200
171548	200
2519	200
2351	200
440210	200
448879	200
445555	200
444655	200
131704272	200
164739	200
1712095	200
3689	200
11171679	201
23615404	201
444498	201
447628	201
65091	201
5288250	201
131704268	201
5280567	201
3332	201
5288067	201
5288998	201
9886249	202
5831	202
15897928	202
20055414	202
11960529	203
131704280	203
3383616	203
181137	203
24901696	203
444706	204
11390	204
5326884	204
5326885	204
5326886	204
6918638	204
1548953	204
25011733	204
19826721	204
3943211	204
255	204
2376771	204
25150855	204
46937121	204
10224714	204
11373270	204
250653	205
5287785	205
6323394	206
4507	206
447414	206
9543429	206
261000	206
76839	206
5288577	207
1800	207
445770	207
448872	207
644066	207
3737	207
4476947	208
448286	208
445986	208
641237	208
5459784	208
1023	208
6597	208
447066	209
6857727	209
5277135	209
5388925	210
774282	211
586	211
446605	211
446833	211
448524	211
6961	211
5789	211
170018	211
5496597	212
3598	212
5997	212
33776	212
4810	212
68870	212
3143	212
16131215	213
5780	213
447534	213
5287503	213
9794842	214
3035406	214
54736485	214
9809715	214
114709	215
4362	215
82068	215
10972974	215
3783853	215
9354	216
19861	216
60823	216
9570	216
6120722	216
11295	216
6323200	216
6662	216
60602	217
3290	217
441140	217
3025	217
5878	217
5904	217
2725	217
4436	217
5736	217
443869	217
2225	217
656668	217
51701	217
5311217	217
4008	217
4454	217
5403336	218
79124	218
9861547	218
24768527	218
11992146	218
447739	218
9994066	218
24864077	218
24864078	218
11493841	218
9549257	219
19235	219
5289459	219
10457944	220
6470990	220
449162	220
501254	220
445144	221
9884318	221
5326866	221
25187896	222
6102822	222
24768537	223
6453585	223
46937055	223
6914573	223
25113181	223
9845059	223
1916699	223
44814423	223
5720	224
54680675	224
36523	224
3336	224
9600421	225
62296	225
5092	225
1055	225
6950578	225
7966	225
3899541	225
15991535	225
15942651	225
8230	225
444450	226
5284513	226
65482	226
1521	226
446854	226
159772	226
46936613	226
17753797	226
123421	226
5289306	226
49866901	226
16136912	226
6852124	226
56338	226
444033	226
3081884	226
1567	227
5538	227
445246	227
17753965	227
505461	227
6365297	227
25129137	227
243556	227
73094	227
218	228
4635105	228
445883	228
5287584	228
5282165	229
36462	229
2157	229
46216142	230
11987888	230
4048	230
23689036	230
39764	231
54677971	231
18381	231
6918107	231
7127816	231
5311051	231
2958	231
443130	232
46937137	233
2281	233
65241	233
11659487	233
24905142	234
9956726	235
446345	235
9826528	236
2583	236
2144	236
441481	236
5288075	236
1662	236
46937050	236
5287517	236
24856362	236
9896504	236
24764434	236
3739	237
8007	237
12229396	237
24832019	237
760	238
2170	238
6323182	238
57525501	238
444865	238
743	238
61635	238
9600418	239
131704203	239
446244	239
1021	240
5288867	240
4634714	241
101989	241
63306	241
444809	241
5280360	242
2771	242
5816	242
8271	243
4474	243
3516	243
26757	243
36921	243
941651	243
3387	243
11973	243
72054	244
6914273	244
12023	244
5287714	244
1290	244
4160	245
60854	245
2723601	245
444036	245
121891	245
16122612	245
3249	245
3937	245
4138	245
45375808	246
8226	246
27447	246
9568614	246
4680	246
146570	246
2966	246
2200	246
56649692	246
9926791	247
26934	247
5326826	247
24768547	247
6102684	247
444853	247
11464526	247
24941243	247
6918852	247
24883486	247
11519070	247
16741238	248
25113126	248
44585557	248
46937158	249
46937100	249
10258	249
24864082	250
9543437	250
6420149	250
24971313	250
42647299	251
5936	251
122195	251
6852140	251
6852141	252
180559	253
449193	253
447378	253
3253681	253
22297	254
13109	254
5362119	254
5353305	254
5353307	254
1369	254
798	254
942	254
445750	255
69702	255
446604	256
447701	256
177837	256
446103	257
5288607	257
131704193	257
446958	257
444753	257
443936	257
134497	258
8064	258
6804	258
3035817	258
65070	258
17754073	258
447793	258
448991	258
4369162	258
445210	258
984	258
5289294	258
448011	258
446752	259
656949	259
5288643	259
3465283	259
46936633	259
146719	259
162636	259
5287459	259
107984	260
2403	260
4476954	260
448535	260
7532	260
193653	260
5287834	260
119224	261
6323515	262
21319	262
70788951	262
444725	262
6541406	263
446611	263
185915	263
15113	263
5288136	263
448010	263
448904	263
24485	263
7023019	263
16752640	263
23727982	263
3000322	264
4674	264
72474	264
2118	264
55245	264
11291	264
2751	264
60871	265
3324	265
4917	265
15541	265
23897	265
4567	265
25295	265
6852391	265
67683363	265
5950	266
9750	266
446284	266
6112	266
6011	266
647	266
964	266
131704234	266
92133	266
115254	266
5280343	266
4724	266
71406	267
29327	267
3562	267
13559281	267
107694	267
54840	268
5267	269
13505	269
23663404	269
13791	270
6251	270
156391	270
150311	270
5287754	270
446239	270
10238	270
271	270
60752	270
156418	270
6328144	270
11156438	271
24856354	271
5362485	272
123831	272
670	272
2734054	272
449005	272
101369	272
24012	272
5573	273
40159	273
5289564	274
449526	274
448137	274
24875311	274
1788	274
441047	274
441048	274
5289566	274
3082640	274
55717	274
5272139	274
449042	275
1122713	276
445841	276
5227	276
4565	276
23653530	276
11987878	276
24892821	276
11160307	276
24180585	276
445987	276
46937161	276
11314340	276
14357	277
447426	277
445114	277
62452	277
6323417	277
5312137	277
9543420	277
5288981	278
444862	278
5287411	278
1387	278
447545	278
439554	278
2761815	278
25138203	278
440114	278
5287741	278
24794392	278
46937134	278
163296	278
11560224	279
249	279
444238	279
46937106	280
5280953	280
46937107	280
9600408	281
5288382	281
439774	281
108223	281
54687250	282
17754065	282
446320	283
1400	283
445237	283
5414	283
5494411	283
4369534	283
5359421	284
5486971	284
115355	284
19150	284
3341	284
446987	284
13308	284
5284543	284
2441	284
31401	284
33746	284
23994	284
5476587	284
4675	285
8515	285
449575	285
5288222	285
3706	286
148124	286
37464	286
16259	286
7027	286
9796161	286
3741	286
11029	286
42955	286
3155	287
10531	287
2342	287
43507	287
477468	287
60853	287
3032	288
12606920	289
8376	289
5287544	289
64151	289
3340355	289
6029	289
1017	289
444397	289
54688711	289
25113136	289
446415	289
604	289
46937165	290
4976	290
9988024	290
337359	290
6914660	290
24882195	290
18719622	291
24916788	292
5105	292
25058128	293
5289354	293
447573	293
448923	293
448166	293
24764436	293
10224181	293
22049997	293
16122632	294
65999	294
15602982	294
127504	294
24798097	294
71955	294
1819	295
447492	295
447695	295
42642645	295
10204	296
24748047	296
46937071	296
10174090	296
11790	296
448532	297
5288660	297
6323374	297
16760554	297
9584	297
4477	297
5496862	297
5403427	297
5281007	297
46937038	298
131704226	298
20843156	298
214347	298
6323526	298
6918314	299
2405	299
6915744	299
4086	299
73303	299
448167	299
216209	299
2733279	300
120231	300
446978	300
75451	300
5460481	301
17754156	301
639097	301
5287837	301
5282230	301
10477723	301
131704274	302
75791	303
445707	304
439352	304
439280	304
8333	304
17754204	304
130336	304
5288675	304
5496715	304
185457	304
5226	305
12717	305
65103	305
10909908	305
1003	305
572	305
31275	305
446720	305
131704266	305
131704215	306
131704188	306
5287586	306
446113	307
5326713	307
448024	307
131704220	307
8977	307
7297549	307
64689	308
446167	308
163884	308
529	308
95054	308
16958	308
448718	309
440473	309
104406	309
6437378	309
131153	309
446811	309
445951	309
3364665	309
24014	309
6323266	309
3083544	310
444503	310
1234	310
441332	311
16666	311
123606	311
2019	311
123610	312
51601240	312
68613	313
4811	314
5560	314
448408	314
9548602	315
11915	315
446561	315
1894	315
445439	315
46936967	315
124969	315
3793	315
5857	316
107778	316
6914657	316
65679	317
3033637	317
5757	317
5152	317
16681432	317
998	317
137936	317
71113	317
25111933	317
3015	317
3962	317
6917779	318
5253	318
9458	318
11526696	318
70164	319
104850	319
24764443	320
154417	320
4062	320
46937032	320
24180717	320
54726191	320
11494891	321
29435	321
12000133	321
3540	321
9549217	322
6323178	322
16750073	323
242332	323
983	323
445160	323
445481	323
16122567	324
4099	324
54677470	324
5482	324
51683	324
10442	324
446876	324
54706138	324
46937033	324
123979	324
5214	324
2398	325
5287792	325
445027	325
2266114	325
22489160	325
448943	325
54727972	326
5403	326
445455	327
6443013	327
9547958	327
1613	327
6102526	328
47953	329
2756	329
445079	330
67678	330
145815	330
439691	331
71616	331
36735	331
449088	331
119055	331
5610	331
10107393	331
643330	332
448976	333
4369343	333
7452	333
3000226	333
4369234	333
444461	333
447607	333
33037	334
6862	334
1031	334
46937177	334
42613186	334
123351	335
6140	335
5288394	335
188960	335
17753924	335
441480	335
23644529	335
7595	335
73271	336
107526	336
131704263	336
445093	337
46936479	338
1050	338
1941	339
5289560	339
4488	339
3325225	339
108156	340
5289091	340
5289529	340
5353303	341
7028	341
447865	341
92269	341
447832	341
4468930	341
637540	342
6442177	343
83887	343
44141871	343
152945	343
24087	344
4037	345
3675	345
74989	345
2142	345
107807	346
948	346
7019255	346
54678486	347
4991	347
10240	347
22617237	347
4409	348
54766	348
60814	348
4121	349
44229079	349
11979316	350
51039	350
11626560	350
160565	350
4163	350
4834	351
2717	351
46937065	351
91469	352
25154714	353
439176	353
448652	353
3080766	353
42647297	354
19989057	354
44129631	355
3256859	356
4358	356
11840913	356
11207678	356
449245	356
46937138	357
46870043	358
447562	358
25113617	358
16043304	358
445958	358
44129603	358
45480632	359
13023332	360
23624249	360
11963557	360
5287845	361
5360696	361
24752838	362
71329	362
5288561	362
25246329	363
164908	363
121947	363
46937062	363
6540255	363
21124461	363
680935	363
24466	364
65124	364
195347	364
131704257	365
657119	365
101616	365
46937072	365
8761	366
447329	367
448651	367
447961	368
24875301	368
16058617	368
9797919	368
17756743	368
54685311	368
9826451	368
1829	369
5289348	369
5139	369
5005498	369
6581	370
656912	370
447722	370
7077	370
165230	371
448657	372
51351657	372
11579	373
8982	373
2337	373
448062	374
441290	374
447147	374
19233	374
9863447	374
3870203	375
3955	375
32798	375
5496892	375
94599	376
6834	377
5289024	377
24826799	377
656628	377
3423265	378
4919	378
5359	378
16133751	378
2765	378
4745	378
82146	379
2123	379
114753	380
6324659	380
6509979	380
5284585	380
73342	380
2375	380
10071196	380
129806	380
64642	380
5595	381
5472	381
11167602	381
11163584	381
2547	382
4595	382
447368	382
15433	382
10178705	382
179344	382
125889	382
815	383
25077405	383
232	384
41867	384
448505	384
18432427	384
148138	385
4923	385
204109	385
77997	385
16684434	386
2216	386
11313622	386
5282322	387
3743	387
52421	387
1432578	388
5327073	388
4139	388
449487	389
125132	389
49866861	389
11235729	389
79541	389
5328969	389
44237094	389
46937174	389
5189	390
8646	390
91514	391
3902	391
656583	391
6918296	391
2734707	391
131704303	391
5326930	391
3342298	392
3387240	392
449087	392
11287125	392
478379	392
5289162	393
4044	393
4631605	393
2608	393
446578	393
9543426	393
10601417	393
2059510	394
4112111	394
4369434	394
46937086	394
848641	394
76313	395
11326613	395
6420120	396
17753879	396
5288980	396
4149241	396
6420119	396
16040281	397
65177	397
439398	397
16058668	397
4369425	397
5288544	397
15942661	397
446980	397
9547943	398
3724	398
2763788	398
16750059	398
24836811	398
447278	398
13450	398
5288878	398
60172	398
44263483	399
448014	399
65249	399
9811834	399
46937122	400
3339	400
16129580	400
24178120	400
6995013	401
6852193	402
6436223	403
54892	403
5312125	404
3033818	404
2792	404
6102777	405
24360	405
10138993	405
5287824	406
3715	406
97577	406
3269	406
5326967	407
2162	407
444766	407
656986	407
16750083	407
16757	408
287180	408
11963546	408
5288371	409
10904076	409
125414	409
4474585	410
447903	410
20194	410
79084	410
54671008	410
46937067	410
45480634	410
6451	410
444863	411
5282443	411
5297	411
5282253	412
5957	412
446807	412
6369390	412
5281855	412
9812414	412
6369389	413
67361	414
46936447	415
3784	415
444348	415
168924	415
9860102	415
27686	415
2734608	416
66535	417
64993	417
3086686	417
165339	418
54670067	418
129148	418
448503	418
448769	418
443600	418
5483	418
5413	418
7012	418
446399	419
54676537	420
38945	421
10413	421
5983	422
6287	422
8275	422
6957673	422
3292	422
11742	422
5288712	422
1065	422
3085017	423
11597571	423
60714	424
5503	424
5282379	424
5310966	424
34755	425
448436	425
447976	425
5488645	425
21826	426
441278	426
3314	426
24642	426
2482	426
1292	426
1071	426
60936	426
6328526	427
56928011	427
4739	428
6446	428
2294	428
23656870	428
698	429
16741116	429
5756	429
5310985	429
5327130	429
446309	429
22502	429
27991	429
9854489	430
17754119	430
6914643	431
49867432	431
444640	431
5288588	431
24894155	431
16058629	431
3032732	432
9601217	432
9819610	432
10303	432
6419766	433
4768	433
46937131	434
9864	434
447532	434
9547939	434
3038525	434
9925908	434
5288573	435
11957394	435
448903	436
446756	436
445015	437
11149479	437
446560	437
444849	438
25113145	439
16750123	439
5312830	440
5288814	440
6914633	440
11987868	440
10017976	440
11507920	440
5326870	440
24836815	441
11995761	441
10450114	441
6420118	441
42615254	441
24764440	441
10095865	442
446724	442
4369285	442
405389	442
445849	442
622262	442
16129574	442
638024	442
16040289	443
46937049	444
1540	444
46937037	444
49866474	444
25023707	444
1720	444
16122638	444
6857692	445
448605	445
131704245	445
5287974	445
5330608	445
6435808	445
656936	445
122316	445
10038928	446
1757	446
9969613	447
6852165	447
15627868	447
448781	447
20284644	447
9898619	447
4775	448
54707177	448
2995	448
40467016	448
6010	449
2540	449
64715	449
27854	449
12894	449
3503	449
208898	450
54676868	451
5326871	451
5289289	452
445383	452
447360	452
790	453
5179950	453
6323491	454
3033621	454
444456	454
11005	454
54689025	454
90624	455
125564	455
449021	456
127702	456
176	457
1123	457
9543425	457
68942	457
4797	458
17754023	458
11840933	458
5795340	458
46937097	458
115348	458
4849	459
445966	460
763	461
3284	461
25113615	461
88064	462
17753867	462
5288709	462
56208	462
657087	463
5287756	463
17754171	464
448748	465
5884	466
41781	466
4763	466
12473	466
159961	466
688267	467
3102	468
11776755	469
71301	469
5288320	470
15391	470
6323454	471
54675776	471
60695	471
5327	472
441243	473
2451	473
5351	474
446157	475
3291	475
9547884	475
447153	475
5362436	476
5280805	476
4097	477
4632	477
12374	477
3278	478
5336	479
25419	479
4740	479
5282415	479
4830	479
3042	480
9820034	480
3415	481
71300933	481
5526	482
6435415	482
63001	482
5281243	483
5280453	484
208901	484
44564107	485
6918456	485
130881	486
54808	487
5281040	487
1453694	487
446129	487
5666	487
60830	487
4782	488
5994	488
5351166	488
3730	488
1028	488
5005	488
4639	489
48041	489
3759	489
9931954	489
3125	489
9810131	489
3462	490
3948	490
441281	490
5311505	491
440936	492
5281915	493
153241	493
5411	494
292661	494
448582	494
70678896	495
6914644	495
9868491	495
9870652	495
25078139	495
3777900	496
7248	496
25155578	497
46937075	497
19844	498
2765355	499
9817550	500
7970	500
5287846	500
54676715	500
1952	500
7264	500
40428878	500
5327153	501
74190	501
311	501
6918509	501
736186	501
10163178	501
16045418	502
16045340	503
5288679	503
119828	504
4470566	504
6458152	504
16750071	504
16122585	505
19649	505
657106	505
6436219	505
4568	505
23722944	506
5287461	506
11069133	506
25195347	506
9863791	506
11511120	506
45070	507
11683	507
449209	507
12412578	507
16122635	508
4474777	509
24768549	509
5192	510
5287866	510
448326	510
49867154	510
446965	511
443118	511
25134246	511
92249	511
543502	511
169371	511
53627505	511
445824	512
220010	512
445460	513
444552	513
444797	513
91546	513
5330197	514
25011731	514
46937052	515
18794	516
3537	516
444883	516
446725	516
49874334	516
446758	516
449459	516
25220914	517
657028	517
447950	517
44143696	518
6102788	519
11245700	520
110635	520
5280335	520
448003	520
2449	520
84894	520
23653508	521
4471188	521
46937095	521
5326869	521
163626	522
1195	523
657041	524
447568	525
439650	526
17753826	527
178518	527
446300	528
443388	529
444260	530
4354	530
92536013	530
8617	530
6399008	530
3036505	530
443231	531
161647	532
6323516	533
444756	533
5326566	533
24856357	533
8076	534
5413034	534
448457	535
23644225	535
11967905	535
4470790	535
92105	535
689043	536
5287720	537
131624	538
60795	539
15387	539
4066	540
3779	541
121938	541
10113978	541
46937114	541
65013	541
199	541
36811	542
25137844	542
938	542
3052	543
445720	543
17753844	543
447834	543
642409	543
6914613	543
445950	543
6604200	544
454216	545
45266800	546
5850	546
161580	547
105153	548
5488547	549
5311167	549
192155	549
216258	550
60860	550
9924495	550
11597697	550
104741	551
5281077	551
2559	551
123634	551
5184	552
445643	552
443879	552
3775	552
121945	552
2311	552
4473	553
2249	553
2165	553
5487	553
37393	553
2949	553
2550	554
446596	554
3519	554
1134	555
2284	555
9294	555
61996	555
5826	555
15759	555
951	556
3229	556
446220	556
3939	557
60663	557
71349	557
23672064	557
5462501	557
13136	557
67462786	558
4456	558
59708	559
4178	559
29089	559
23649245	560
4274	561
51263	561
6479523	561
24550	562
9949848	562
15950376	562
6917864	562
33030	562
12597	563
447546	563
24450	563
516900	563
3830	563
23668479	563
6224	564
448138	565
18690028	566
1707	566
11967789	567
448969	567
5791881	567
5287610	567
193512	567
9543472	567
25190761	568
447277	568
15942658	569
449625	569
6540268	569
10342449	569
15942657	569
9823454	570
24798721	571
4747	571
3035016	571
44129601	571
149790	572
23728517	572
688424	572
25210493	573
60857	573
25210478	573
5119267	573
10831270	573
6857711	574
23644575	574
6323250	575
5326978	575
9934347	576
736027	577
6883	577
16741245	577
16122554	577
776315	578
834826	578
6852128	578
17758920	579
44129627	580
23665772	580
91610	580
5288653	580
10180201	581
445501	581
11304412	582
25113101	582
44599207	582
44144380	583
24808495	584
60206636	584
15991547	584
16040268	585
5284566	585
104838	585
736104	585
5287452	585
11395145	585
25174101	586
17754078	586
17754079	586
25195365	587
17754207	587
168213	588
5287547	588
17753791	588
3893	588
5288442	588
1836	588
154101	589
4913	589
5508	589
6918248	590
21867154	590
446556	590
398148	590
657077	591
285553	591
11575	591
3991	591
448875	591
499953	592
447721	592
5289339	593
1673	594
1433	594
6917655	594
446753	594
4754	594
167842	595
8747	596
697959	596
205225	596
46936282	597
5497045	598
11120251	598
24754814	598
3581192	598
11963551	598
24779678	598
17753950	599
8420	599
68271	600
86	601
447315	601
5288557	601
446719	601
158758	602
17754203	602
448573	603
12620	603
5687	603
60496	603
444320	604
57449	605
9578005	605
447958	606
446127	607
2084	608
447137	609
5288230	610
64968	610
248	610
5238	610
446275	611
54708743	611
53001	611
449500	612
2478	612
880	612
462919	612
5481481	613
82148	613
17754184	614
7933	615
8917	615
82315	615
444237	616
126569	616
10517	617
19910	617
23644582	617
11319053	617
4413	617
4212	618
2131	619
6918606	619
6253	620
78058	620
24748051	620
5202	620
5719	621
446716	621
312145	621
3331	622
5284447	623
43815	623
441130	624
36273	624
3742	624
3738	624
17358	624
56801	624
5073	625
7697	625
5396	625
47471	625
16960	626
5362124	626
5405	627
444189	627
3066	627
5284570	628
6101	628
5641	628
11270500	628
40973	629
42008	630
447043	631
92725	632
132706	632
3608	632
175	632
772	632
11505907	633
9831783	634
6918218	634
6918366	635
6398970	636
4614	636
157688	636
5001396	637
153270	637
24779724	637
5287794	637
77998	638
61475	639
24812758	639
60787	640
60612	641
5516	642
52195	642
9811704	642
16136245	642
3399	643
72281	643
3532	643
131535	643
24783652	643
3267	644
3356	644
16886	644
216210	645
24822371	645
24987688	646
9818231	646
54758501	647
5311070	648
5359405	649
446101	649
448768	649
6018	649
9942725	649
9865515	650
165390	650
1881	650
444412	651
9865442	651
119032	651
5243	652
75243795	652
8163	652
4462	652
16129681	653
448974	653
134780	654
10096344	655
127151	655
30668	655
98614	656
399618	656
2740174	656
11809364	656
10389239	656
5492457	657
11460087	658
3677	658
17753915	658
4697633	659
2315	659
25203955	660
4369141	661
6323527	662
123920	663
446761	663
5289377	663
9822610	664
24883488	665
42627562	665
1783	665
15942677	666
5278689	666
501640	666
3161908	667
10039403	668
25021186	669
5459348	669
46937104	670
3776	670
11	670
736259	671
447537	671
11500493	671
24941253	671
11987846	671
67532	672
11546620	673
11149707	673
24779677	673
25113137	674
16070039	675
6914612	675
4369084	676
449186	676
44602427	676
46937140	676
5289417	676
25011728	677
656952	678
15991559	678
7060565	679
2468	679
44129621	679
180621	679
11213558	680
5494385	680
6610318	680
23647358	680
16221501	681
6852154	681
25113172	681
11711595	682
187	682
11304895	682
447734	682
3000493	682
25023705	683
24180714	684
443943	685
71733	686
194762	686
131704299	686
60813	687
6227	687
9574101	688
5289547	689
208902	689
25113171	689
4786	689
5326927	690
3657	690
233240	690
24832027	690
72396	691
10267	692
446245	693
688561	693
131704262	693
122197	693
444266	694
448819	695
3062316	695
5326800	695
5287617	696
44	697
4177750	697
69020	698
440190	699
5479530	699
445825	699
444727	699
122623	700
44129608	700
449517	701
5430	701
6031	702
439190	702
3382778	703
2723698	704
445989	704
22298966	705
5327045	705
2797541	705
46937164	705
446905	706
7997	706
448008	706
439968	706
131704212	706
5289510	707
6386	707
445109	708
54727985	708
441443	709
131704177	709
83242	709
439196	709
65628	709
5288784	710
11840979	710
444235	711
5289469	712
448055	712
448249	713
9880	713
5494447	713
23327	714
5287882	714
446637	714
4635864	715
97535	716
77982	716
3080775	716
4369429	716
6914625	716
448124	717
123966	718
65309	718
131704190	719
97032	719
854023	719
439178	720
67427	721
447098	721
1005	722
444635	723
131704180	724
5281051	724
2334	725
6009	726
10518	727
60726	728
6172	728
3337	728
8223	728
2119	729
12035	729
3780	729
54686904	730
3005573	731
39186	731
4078	731
2764	732
3114	733
28517	733
60164	734
2369	735
11333	735
159594	735
23652731	735
483407	735
16686079	736
9810246	737
2662	737
9552070	738
5832	739
92108	739
15953860	739
10660	739
11672461	740
9940864	741
16132344	741
6437075	742
10324367	742
159247	743
151165	744
2197	744
3261	744
3340	744
128549	745
3899	745
107969	746
126941	746
60947	746
5311454	746
83513	747
16682987	747
6238	747
83030	747
12453	748
3016	748
10836	748
60867	748
5076	749
3385	749
681	749
5161	749
5038	750
5388962	750
110634	750
4509	750
4666	751
3777	752
5584	752
2800	752
2370	752
13314	753
18104	753
72402	754
6918331	755
656957	755
108150	755
6918589	756
54726192	757
4450	758
72301	758
50905713	759
10302451	760
8969	760
6880	761
26042	762
5353788	763
2750	764
4011	764
6440180	764
3055168	765
644019	766
6918462	766
3695754	767
93176	767
9887557	768
6914648	769
447012	769
11840988	769
11840989	769
397	770
4369451	771
25021183	771
446366	772
5289378	773
5289374	774
6323185	774
979	774
16058682	775
25058141	776
441161	777
192197	777
5288721	778
6119	778
25229552	779
6914609	779
42627755	779
16122526	779
46937126	780
448295	780
10172943	781
241868	781
16122634	782
123982	783
3815	784
24178109	785
1117937	785
25243828	785
62662	785
449026	786
5329103	786
45268539	786
448953	787
46937102	788
12195517	788
5305969	789
11545694	789
4788	790
24894151	790
10200651	790
448890	791
5288193	792
10067695	793
5288596	793
5459319	793
447446	793
11840934	794
11616886	795
23636976	796
24875320	796
24178119	797
284	797
12598931	797
1121782	798
44631903	798
10089048	798
6852125	799
656913	799
449582	799
5287703	800
24880024	801
10411846	801
11473003	801
46882177	801
24832022	802
24883477	803
16122643	804
24808499	805
5326827	805
15295578	806
11710963	806
1116191	807
9867609	807
25134248	808
44629555	809
25138295	809
24768551	810
73425383	810
24941249	811
124992	811
11840906	812
16122570	813
134111	814
3033968	815
7558	816
3006171	816
4494	817
5284569	817
5496659	818
3009	819
9808998	820
3081362	820
444224	820
197281	820
6445540	821
2783	821
38409	822
5326926	823
9825434	823
5326924	823
5326925	823
439356	824
193613	825
44176356	825
49866644	826
5326813	826
5289086	827
1507	827
4437	827
129856752	828
448660	829
444485	829
6852147	829
2429	830
5478860	830
6133	831
449169	832
5362422	833
448327	833
104625	834
10198228	834
13611	835
9085	835
71306834	835
446134	836
446903	836
448577	837
165138	838
131704255	839
26721	839
443408	839
444508	840
657004	841
444698	842
5289084	843
6215	843
72385	843
64987	843
131704232	844
447358	845
3922	845
5280353	845
11125	845
445754	846
447781	847
131704267	847
448889	848
76008	848
3034048	848
5988	849
14677	849
92400	849
448972	850
12219	850
6323375	850
5288041	851
131704211	851
17753973	851
4380	851
9084	852
445990	853
12544	854
91493	855
447392	855
158376	855
444571	856
96647	857
5281672	857
11953947	858
4594	858
5288374	858
5359271	859
9051	859
5287523	859
235905	860
657308	860
11953884	860
5281042	860
32778	861
5280427	862
60464	863
2749	864
53232	864
5530	864
3823	864
4829	865
60878	865
3034010	866
5665	867
65981	867
3478	868
5284607	869
71384	869
12993649	869
119171	869
4440	870
77996	870
91270	871
2776332	871
5452	872
439693	873
2907	874
5510	875
9911502	875
3397	876
5496	876
5284603	877
68827	877
2182	878
3373	878
347402	878
104778	878
5284632	879
34359	880
5862	881
6323481	882
22834577	883
16213095	884
25102847	884
11531537	885
4032	885
158786	885
11254352	886
11228026	887
9831761	888
5742673	888
4630253	888
6918584	889
2905	889
444008	889
6433101	890
9831652	890
6433082	891
3825	891
216416	891
147912	892
6540558	892
6102763	892
132804	893
31264	893
39507	893
123809	894
43708	894
119830	895
5289179	895
42609673	895
54949	896
6918026	896
10274777	896
32800	897
2708	897
6041	897
23703	898
16124688	898
65856	898
5726	899
5326542	899
23978	899
5512	900
7741	900
84815	900
4599	901
5591	901
446623	901
4051	902
5360373	902
5426	902
3494	903
4033	903
3417	904
441314	904
27304	904
3310	905
5381	905
5280951	906
49843517	907
68682	907
5280492	908
23925	908
11978813	908
3033769	909
598	909
4479097	909
50248	910
28417	910
49803313	911
189821	912
5289105	912
44819241	913
24424	914
115163	914
6918182	915
16750040	915
89767	916
6438378	917
441300	917
91663255	918
24856	919
12555	920
33572	920
10220503	921
94280	922
3374	923
4174	923
4764	923
5282237	924
9883933	925
5287976	925
11238823	926
213046	927
5502	928
176407	929
52942975	929
1069140	929
46937176	930
31703	930
54727980	930
25102845	931
1498	932
24778468	932
10361208	933
1235170	934
23647657	934
5003498	934
11582002	935
5327096	936
46937041	936
444705	937
5494446	938
131704276	938
4369380	938
24836810	939
6102762	940
23586154	941
10042950	942
10320144	943
5327076	944
46937152	945
46937047	945
23640750	946
7020128	947
445713	947
5288257	947
657105	948
5576	948
150889	949
5273394	950
13195	950
445375	950
23586165	951
795	951
11675645	952
10713671	952
36688409	953
46937125	954
44144383	955
2766552	956
11974440	957
1190625	958
11987832	958
446501	959
1561	960
440053	960
24180721	960
9929643	961
1548972	961
16758226	961
447653	962
444107	962
9549264	962
447154	963
11840970	963
448043	964
448979	965
644213	965
24866443	965
448724	966
448727	966
3457	967
23629645	968
447458	968
5327109	968
447297	969
5288082	970
5280795	970
46936260	970
68463	971
445650	971
9547919	972
695906	973
24894158	973
2799606	973
6420129	974
10062713	975
2255489	975
5287979	976
4369593	977
448793	977
831616	978
39042	978
92745	979
46937076	980
9933197	980
131704304	980
24178121	981
11393519	982
5287737	983
16122556	984
5479529	984
44129642	984
10221335	985
1948	985
4369082	985
4290313	986
763808	986
5287652	987
19190	987
24748050	988
157684	988
17755582	989
4612	989
22747857	990
16058630	990
44129623	991
10450624	991
6857699	991
16129579	992
44129624	993
1415427	994
23653514	995
11987861	996
25210273	997
11167118	998
5327160	999
9549223	1000
3950	1000
10397869	1000
6914568	1001
448123	1002
5287432	1002
6852167	1003
125017	1004
5833	1004
3386	1004
1727	1005
11840981	1005
3000926	1006
3081361	1007
4369524	1008
46937020	1009
5289110	1010
5327014	1010
5289109	1010
5288990	1011
5288154	1011
5326972	1012
286	1012
5287728	1013
2196	1014
4369414	1014
65059	1015
656917	1016
60852	1016
6675	1017
128600	1017
131704191	1017
6021	1018
5327095	1018
65457	1019
10130120	1019
447027	1020
5287902	1021
169148	1021
160139	1021
5288635	1022
46936889	1023
151434	1024
5287447	1025
6398483	1026
17753880	1027
3364666	1027
5288395	1028
636405	1028
955	1028
656968	1029
4034	1029
446308	1029
101544	1030
46936782	1030
443210	1031
5284549	1031
4912	1031
1933	1032
446236	1033
449108	1034
43157	1035
1045	1035
445008	1035
5287565	1036
867	1036
131704246	1037
5289561	1037
446317	1038
17754002	1039
444746	1040
151243	1041
1954	1041
6914666	1041
126690	1042
6093202	1043
93072	1043
447970	1044
76635	1045
447478	1046
5288483	1046
5289232	1047
447249	1047
446273	1048
5288237	1049
439236	1050
4368	1050
446357	1051
3378216	1052
445480	1052
447864	1053
5287408	1054
6323235	1054
9801	1054
4324	1055
117765	1056
5288102	1056
449129	1057
6971307	1058
30819	1058
1950	1059
446306	1060
448400	1061
445576	1062
446506	1063
445382	1064
11987779	1065
445132	1065
3050	1066
193758	1067
4471892	1068
5287850	1068
3022	1068
440141	1069
2120	1069
535	1070
5111	1071
8060	1072
27934	1073
444700	1074
5289508	1074
16122553	1074
4347	1075
3000540	1076
9547984	1076
9853053	1076
2187	1077
34869	1077
36339	1077
68844	1078
3350	1078
8550	1079
4911	1080
8944	1081
5761	1081
5311304	1082
37542	1083
445564	1083
2345	1084
20299	1085
445856	1085
11952989	1085
5359371	1086
2712	1087
4058	1088
2140	1089
2405215	1089
54671203	1090
5312804	1090
64143	1091
14985	1092
5283731	1092
44152182	1093
62305	1093
24848161	1094
23669229	1095
441086	1096
16759	1097
60657	1097
11722286	1098
44563	1098
9966051	1099
10235	1099
6452749	1100
14789	1100
6331630	1101
2265	1101
6102852	1102
5359268	1102
5362070	1103
5361917	1104
5353980	1105
22644374	1105
5273759	1106
4748	1106
3086257	1107
53276	1107
216237	1108
213023	1109
16004692	1109
197712	1110
168625	1111
5329102	1111
160352	1112
54675785	1112
156326	1113
154256	1114
219024	1114
121749	1115
71360	1115
102399	1116
54680692	1116
84003	1117
59768	1117
60864	1118
5281881	1118
57166	1119
3671	1119
39860	1120
3792	1120
23926	1121
6326970	1121
22258	1122
118987133	1122
15232	1123
5727	1124
3121	1124
5454	1125
5311027	1125
5300	1126
6917698	1126
5195	1127
237	1127
4920	1128
24414	1128
4868	1129
77999	1129
4812	1130
3219	1130
4609	1131
4463	1131
4240	1132
16078	1132
3914	1133
5210	1133
3510	1134
68740	1134
3419	1135
11954380	1135
3414	1136
2762	1136
3405	1137
3199	1138
6013	1138
2684	1139
5284616	1139
2676	1140
89594	1140
2675	1141
5481173	1141
2269	1142
6729	1142
1206	1143
937	1144
9853654	1144
861	1145
10909430	1145
303	1146
5333	1146
961	1147
923	1147
6433164	1148
4542	1148
54710214	1149
9291	1149
89683805	1150
54676539	1151
6915944	1151
5280363	1152
4942	1153
644073	1153
4021	1154
5326976	1154
11671467	1155
65947	1156
11434515	1156
44205240	1157
6436173	1157
133017	1158
16076883	1159
5288724	1159
23976	1160
5910	1160
5456	1161
108000	1162
5386	1163
5282138	1164
11289	1164
610479	1165
4060	1165
11501341	1166
24877	1166
132999	1167
9835049	1168
11281011	1169
44602	1170
16158208	1171
82153	1171
443874	1172
9677	1173
5509	1173
11833	1174
739358	1175
24894167	1175
869249	1176
656902	1176
16220131	1177
3000477	1178
6102758	1178
853608	1179
1150	1180
11188898	1180
27200	1181
5564	1182
440294	1182
705712	1183
11524144	1183
5289428	1184
647833	1185
5289373	1186
5289290	1186
5331010	1187
445646	1188
5327057	1188
46937155	1189
446676	1190
6714002	1190
5289278	1191
131704309	1192
3506204	1192
6438583	1193
6323420	1193
151506	1194
6540277	1194
25058137	1195
9912519	1196
5288636	1196
9804302	1197
4369443	1198
46937145	1199
449096	1199
16122594	1200
446966	1200
11370952	1201
25271557	1202
6852201	1203
6710104	1204
481709	1205
4369567	1205
46937135	1206
25058133	1207
11987556	1208
23722943	1209
46937132	1210
5287508	1210
5288720	1211
447583	1211
24883481	1212
46937124	1213
24755471	1213
9543517	1214
11840927	1214
9944398	1215
24864821	1216
447450	1216
46937120	1217
11522441	1218
11660035	1219
445494	1220
439940	1221
4395717	1222
5496779	1222
15602983	1223
16122633	1223
11708451	1224
12087505	1224
92109	1225
7100107	1226
5281614	1227
11987874	1228
10680	1229
1708	1229
647499	1230
6914659	1230
10062718	1231
256737	1232
5288116	1232
5330812	1233
69150	1234
5289517	1234
5288002	1235
24798742	1236
5289072	1236
16214776	1237
11651760	1238
24812719	1239
24812717	1240
445957	1241
10403821	1242
232446	1243
9543498	1244
444703	1245
11957417	1245
11509180	1246
445580	1246
5287692	1247
46937066	1248
5280443	1249
4661	1250
23658582	1250
25263223	1251
444148	1251
16105493	1252
11701820	1253
443115	1253
10024590	1254
11572962	1255
5275422	1255
4369551	1256
1283969	1257
24832041	1258
11957380	1259
5289442	1259
24963037	1260
25271577	1261
450268	1262
756618	1263
10041129	1264
486953	1265
16475583	1266
446912	1266
5287467	1267
657025	1267
447400	1268
25134265	1269
11143173	1270
54690031	1271
68911	1272
9837656	1272
9941444	1273
5328940	1274
40632	1274
148195	1275
131704224	1275
447451	1276
5281034	1277
60490	1277
9887712	1278
3010818	1279
16222096	1280
8778	1280
9576912	1281
522325	1282
3348	1282
2950	1283
5289514	1284
5326977	1285
5494425	1285
5326911	1286
5753	1287
657237	1287
5326887	1288
49866368	1289
8582	1290
2733526	1290
448581	1291
439744	1291
440995	1292
321	1293
5288032	1294
131704277	1295
449123	1296
115244	1297
10918	1297
449076	1298
23576	1298
445063	1299
66827	1299
445305	1300
5289553	1301
5288651	1302
5287684	1303
165491	1304
11968291	1304
4369103	1305
1535935	1306
448488	1306
9957008	1307
445319	1308
5288685	1309
6105620	1309
12587	1310
91532	1311
5287869	1311
971	1312
448208	1313
444708	1313
449137	1314
5287844	1314
5288022	1315
5496700	1315
657024	1316
5326669	1316
5289228	1317
243	1318
68238	1318
445282	1319
4286	1320
5287717	1321
445506	1322
2513	1322
62347	1323
49867129	1324
17754111	1324
3359381	1325
135548	1326
15993	1327
448108	1328
445085	1329
131704228	1330
448171	1331
131704225	1332
446696	1333
71080	1333
1475	1334
49866597	1335
445062	1335
446871	1336
6915836	1337
122671	1338
448803	1339
5460316	1340
656910	1340
20479	1341
3241	1341
448513	1342
17754161	1342
444617	1343
15227560	1344
657149	1345
79639	1346
448209	1347
444789	1348
1549098	1348
5289106	1349
1054	1349
445052	1350
53359	1351
448836	1352
5478865	1353
5280863	1353
3073	1354
5288599	1355
101798	1356
165879	1357
6858240	1358
446821	1358
6323289	1359
439524	1360
448580	1361
71158	1361
5311507	1362
5920	1362
26035	1363
10026	1364
4890	1365
5462328	1366
3037032	1366
5282181	1367
2733	1367
441080	1368
5460341	1369
446598	1370
3342	1370
32681	1371
176870	1371
261004	1372
2431	1373
3878	1373
460612	1374
8249	1374
656511	1375
2130	1376
5281104	1376
441074	1377
137	1378
1676	1379
441350	1380
3308	1381
443387	1382
5865	1383
5362417	1384
2092	1384
4760	1385
3826	1386
21700	1387
4205	1387
6234	1388
21772	1389
9577580	1390
9548591	1391
163158	1392
132970	1393
70695640	1394
70683024	1395
53477714	1396
9825285	1397
6918430	1398
5487301	1399
5487068	1400
160036	1401
83606	1402
78032	1403
65370	1404
60706	1405
60184	1406
54313	1407
47419	1408
30623	1409
28332	1410
27993	1411
24841	1412
24748	1413
23957	1414
21800	1415
12559	1416
6436	1417
4691	1418
4607	1419
2163	1420
738	1421
214	1422
5282494	1423
104727	1424
167159	1425
517044	1426
64929	1427
16760467	1428
66377	1429
202225	1430
5939	1431
71511839	1432
5074	1433
4621	1434
946	1435
24989044	1436
54697325	1437
5288674	1438
10275777	1439
16063245	1440
5160	1441
25025298	1442
56649450	1443
12082259	1444
22024915	1445
11001318	1446
5977	1447
5284529	1448
1091	1449
516893	1450
784	1451
5054	1452
14917	1453
25183872	1454
5281070	1455
785	1456
517045	1457
6806	1458
5241	1459
71496458	1460
16678941	1461
16760302	1462
6433090	1463
208910	1464
7172	1465
3736	1466
11431716	1467
23668193	1468
11954369	1469
5310993	1470
11625818	1471
489181	1472
5493444	1473
2442	1474
2446	1475
2309	1476
2710	1477
44462760	1478
637568	1479
5810	1480
68867	1481
2475	1482
169682	1483
1484819	1484
15118984	1485
448042	1486
24894149	1487
44574544	1488
446346	1489
11117974	1490
16049839	1491
23653532	1492
5280346	1493
1385	1494
9554696	1495
9547998	1496
131704313	1497
23646577	1498
11840992	1499
17758816	1500
24941262	1501
6420130	1502
46937169	1503
6604229	1504
131704311	1505
446515	1506
115224	1507
119202	1508
5289460	1509
46937163	1510
9824580	1511
3000323	1512
4369452	1513
5289418	1514
446853	1515
6852189	1516
1548968	1517
5289330	1518
5289329	1519
5171	1520
24741808	1521
295941	1522
46937156	1523
4369	1524
2730282	1525
425841	1526
5289293	1527
5894	1528
564920	1529
10019998	1530
5289192	1531
446757	1532
15991588	1533
11581936	1534
11516136	1535
115069	1536
24779676	1537
24963046	1538
46937143	1539
23655000	1540
5289085	1541
5356	1542
2856	1543
25271555	1544
25271554	1545
4122	1546
3256857	1547
503536	1548
159866	1549
23400214	1550
588963	1551
1504717	1552
54699009	1553
5288850	1554
11984575	1555
10150081	1556
6288148	1557
2726820	1558
15876	1559
11544170	1560
46937130	1561
46937129	1562
5288795	1563
9954980	1564
24851689	1565
46937128	1566
46937127	1567
15143646	1568
3082654	1569
691952	1570
11428356	1571
4369325	1572
127293	1573
449127	1574
449126	1575
5082818	1576
24801863	1577
5459374	1578
4369080	1579
16741228	1580
46937111	1581
5288602	1582
4634717	1583
3758	1584
6914579	1585
4369424	1586
6857719	1587
154048	1588
446476	1589
5288514	1590
6914564	1591
9600414	1592
1503946	1593
448725	1594
11175137	1595
46937099	1596
6420159	1597
21078798	1598
16040279	1599
1933963	1600
16040261	1601
3000505	1602
445953	1603
1700	1604
5327155	1605
6419789	1606
25210479	1607
42627296	1608
4630702	1609
5326799	1610
2971	1611
23653533	1612
5288018	1613
16726072	1614
5288017	1615
5288016	1616
46937083	1617
46937082	1618
5287955	1619
9882812	1620
449597	1621
446805	1622
11712628	1623
44176354	1624
448642	1625
324690	1626
5287739	1627
9824562	1628
24892822	1629
46937070	1630
46937069	1631
3034285	1632
25174099	1633
2256	1634
1792	1635
444607	1636
5287637	1637
46937064	1638
44073	1639
6102686	1640
13373715	1641
346926	1642
16220130	1643
9882972	1644
16001653	1645
9978312	1646
42627769	1647
766948	1648
9547909	1649
46937059	1650
11840911	1651
5353288	1652
11357504	1653
16757525	1654
11553058	1655
11705956	1656
4566	1657
6102708	1658
6102690	1659
22692237	1660
24768560	1661
24963035	1662
23661697	1663
10125830	1664
11538992	1665
23645698	1666
157839	1667
6540273	1668
46937045	1669
10156987	1670
24752844	1671
24768528	1672
10364585	1673
24894153	1674
9797857	1675
24180720	1676
11560856	1677
21066379	1678
5326979	1679
6914626	1680
10134493	1681
16122596	1682
16750106	1683
25113616	1684
656953	1685
16115747	1686
21363450	1687
25113127	1688
131704302	1689
46937034	1690
17975425	1691
21081761	1692
10915062	1693
46937030	1694
44141860	1695
131704300	1696
736234	1697
5318	1698
16089915	1699
25517	1700
19371515	1701
247	1702
441923	1703
6450546	1704
71771	1705
62930	1706
73049652	1707
6918558	1708
5282489	1709
6450551	1710
10182969	1711
9829523	1712
457928	1713
5281224	1714
104826	1715
5488548	1716
9930049	1717
9846180	1718
153997	1719
444499	1720
5310967	1721
11561674	1722
56927674	1723
9837243	1724
9803963	1725
2146	1726
807	1727
774	1728
65781	1729
4644	1730
10345214	1731
44591583	1732
16739648	1733
6505803	1734
5288209	1735
65632	1736
6918554	1737
9812534	1738
5312109	1739
454194	1740
65833	1741
208951	1742
151194	1743
9576916	1744
72231	1745
9614919	1746
65937	1747
2795	1748
3002977	1749
4472	1750
3748	1751
6915835	1752
2378	1753
5361	1754
5289296	1755
5327150	1756
5327012	1757
4369034	1758
4369579	1759
5459373	1760
3064778	1761
21307	1762
5839	1763
3357	1764
47499	1765
444899	1766
6132	1767
68841	1768
446018	1769
448915	1770
449095	1771
5288260	1772
688859	1773
91552	1774
445896	1775
447960	1776
5287444	1777
444567	1778
446917	1779
159596	1780
446090	1781
2359	1782
100684	1783
2014	1784
446143	1785
444732	1786
5287621	1787
448999	1788
131704269	1789
94191	1790
446584	1791
439427	1792
445461	1793
17429	1794
9600423	1795
447280	1796
10062732	1797
446181	1798
7249	1799
444041	1800
444570	1801
444389	1802
446307	1803
656967	1804
5289288	1805
5289227	1806
5289310	1807
6323197	1808
12057	1809
17753774	1810
449035	1811
71098	1812
5288606	1813
448978	1814
447227	1815
97184	1816
49866945	1817
444885	1818
131704256	1819
5288240	1820
65374	1821
611002	1822
503535	1823
11668	1824
9238	1825
4469805	1826
446505	1827
17753902	1828
5803	1829
5289591	1830
6468	1831
54688710	1832
5289468	1833
445569	1834
5287668	1835
49867166	1836
5287969	1837
448477	1838
340	1839
73896915	1840
449392	1841
151008	1842
445675	1843
60594	1844
6027	1845
6323407	1846
168120	1847
6535	1848
17754035	1849
17754181	1850
5162682	1851
444528	1852
8339	1853
445340	1854
162501	1855
9060	1856
445463	1857
123895	1858
5288453	1859
5288821	1860
449598	1861
448973	1862
448288	1863
757	1864
10964	1865
78607	1866
17753926	1867
1549093	1868
447811	1869
1136	1870
17754017	1871
8094	1872
254	1873
5287884	1874
446493	1875
445393	1876
10869340	1877
68525	1878
10086234	1879
1714210	1880
5326934	1881
87901	1882
447742	1883
5288266	1884
445211	1885
165331	1886
131704218	1887
447736	1888
444599	1889
449462	1890
444914	1891
221493	1892
5288150	1893
5289140	1894
447339	1895
46936435	1896
47936	1897
131704208	1898
461279	1899
3994	1900
449118	1901
445992	1902
6076	1903
189150	1904
447622	1905
17754158	1906
7504	1907
449225	1908
78386	1909
447021	1910
1483	1911
449094	1912
4564	1913
1667	1914
5288991	1915
443250	1916
636403	1917
449489	1918
168131	1919
6323540	1920
31260	1921
446367	1922
444390	1923
13712	1924
5288527	1925
6054	1926
446094	1927
448317	1928
3393379	1929
263	1930
1053	1931
54675858	1932
448825	1933
10927	1934
642324	1935
5287509	1936
8189	1937
448006	1938
65144	1939
3572	1940
160024	1941
657137	1942
446862	1943
447725	1944
10050566	1945
1779	1946
17754173	1947
152441	1948
445717	1949
446202	1950
657081	1951
5287438	1952
1628	1953
445468	1954
439278	1955
547	1956
65110	1957
447195	1958
17754112	1959
5168640	1960
445968	1961
3652	1962
4506	1963
154059	1964
6128	1965
6089	1966
160531	1967
26175	1968
43008	1969
5388937	1970
4845	1971
5574	1972
2801	1973
6047	1974
57363	1975
47811	1976
42890	1977
4915	1978
55283	1979
5583	1980
9571107	1981
3038	1982
667468	1983
149096	1984
4753	1985
3475	1986
4485	1987
54385	1988
68617	1989
439501	1990
28620	1991
667490	1992
60700	1993
54675783	1994
3202	1995
3454	1996
157922	1997
60198	1998
2267	1999
457193	2000
24066	2001
338	2002
3312	2003
5556	2004
2471	2005
6058	2006
15209	2007
2581	2008
3702	2009
3467	2010
4421	2011
2784	2012
60838	2013
4906	2014
2564	2015
4236	2016
131704172	2017
47320	2018
9047	2019
5533	2020
10100	2021
2809	2022
2719	2023
3000715	2024
4837	2025
3033	2026
20824	2027
657298	2028
5717	2029
5090	2030
4170	2031
51081	2032
2726	2033
9034	2034
5362420	2035
2913	2036
4158	2037
216239	2038
1935	2039
2145	2040
9568617	2041
2789	2042
14052	2043
9878	2044
5095	2045
9570757	2046
4171	2047
2812	2048
441383	2049
5362440	2050
77993	2051
4195	2052
4771	2053
387447	2054
5362129	2055
54687	2056
